horizon,horizon_num,horizon_minutes,p_05,p_10,p_15,p_20,p_25,p_30,p_35,p_40,p_45,p_50,p_55,p_60,p_65,p_70,p_75,p_80,p_85,p_90,p_95,clear_sky,deterministic
2025-07-16 09:15:00+00:00,0,15,13728.379492180633,13795.074260075135,13892.61313301986,13967.01692894439,13998.000000000002,13998.000000000002,13998.000000000002,13998.000000000002,13998.000000000002,13998.000000000002,13998.000000000002,13998.000000000002,13998.000000000002,13998.000000000002,13998.000000000002,13998.000000000002,13998.000000000002,13998.000000000002,13998.000000000002,13998.000000000002,13998.000000000002
2025-07-16 09:30:00+00:00,1,30,13618.100826324413,13719.550548679526,13833.73968556937,13917.690328916433,13974.182884806827,13998.000000000002,13998.000000000002,13998.000000000002,13998.000000000002,13998.000000000002,13998.000000000002,13998.000000000002,13998.000000000002,13998.000000000002,13998.000000000002,13998.000000000002,13998.000000000002,13998.000000000002,13998.000000000002,13998.000000000002,13998.000000000002
2025-07-16 09:45:00+00:00,2,45,13560.283010015643,13663.18708738724,13774.166969685779,13860.355109997185,13930.309178959114,13981.185065819483,13998.000000000002,13998.000000000002,13998.000000000002,13998.000000000002,13998.000000000002,13998.000000000002,13998.000000000002,13998.000000000002,13998.000000000002,13998.000000000002,13998.000000000002,13998.000000000002,13998.000000000002,13998.000000000002,13998.000000000002
2025-07-16 10:00:00+00:00,3,60,13485.934892122015,13603.069197928984,13723.26861222208,13797.836110576905,13855.430889724754,13893.839358845773,13931.998847763296,13969.476472519134,13998.000000000002,13998.000000000002,13998.000000000002,13998.000000000002,13998.000000000002,13998.000000000002,13998.000000000002,13998.000000000002,13998.000000000002,13998.000000000002,13998.000000000002,13998.000000000002,13998.000000000002
2025-07-16 10:15:00+00:00,4,75,13397.58218662496,13503.768156900678,13599.31359745422,13689.976025208289,13766.112345326328,13803.626999451648,13840.929613469174,13878.02233691067,13911.04413878624,13942.987186495548,13974.774444198492,13998.000000000002,13998.000000000002,13998.000000000002,13998.000000000002,13998.000000000002,13998.000000000002,13998.000000000002,13998.000000000002,13974.525201981001,13949.07619654994
2025-07-16 10:30:00+00:00,5,90,13366.185011068626,13457.756882386477,13545.980193285814,13608.009632956002,13659.999841447867,13707.65359343794,13738.633671727805,13769.486795455432,13800.213941762522,13830.815919094417,13876.95624377986,13922.811750070443,13966.218965360958,13998.000000000002,13998.000000000002,13998.000000000002,13998.000000000002,13998.000000000002,13998.000000000002,13895.924401933069,13894.144166198723
2025-07-16 10:45:00+00:00,6,105,13226.62398368014,13308.70747589255,13405.650632988514,13506.449421567117,13545.521311512797,13584.416391543498,13623.137057174112,13659.24488557708,13694.563976302705,13729.739781010716,13764.804023542398,13800.81388226702,13836.672643065229,13872.38001602939,13924.543963980062,13998.000000000002,13998.000000000002,13998.000000000002,13998.000000000002,13810.072689945453,13655.950270410487
2025-07-16 11:00:00+00:00,7,120,13162.455692607278,13240.897783315268,13329.718827568466,13412.669865588163,13458.370855562936,13503.86132767362,13544.7103431476,13573.977172492954,13603.158944116569,13632.256314536122,13661.269834317807,13707.711740790373,13759.998360244539,13809.808116247494,13852.641028589625,13895.28354980672,13969.243874083635,13998.000000000002,13998.000000000002,13771.245119182846,13574.722516729691
2025-07-16 11:15:00+00:00,8,135,13054.868090577229,13132.553283068703,13230.357846342438,13317.265156748686,13361.559673556263,13405.681489615676,13444.678474816074,13474.94465826918,13505.131622169914,13535.240019469247,13565.342247748262,13618.548810975943,13671.51180759526,13718.438682461441,13760.450768911418,13802.305673276669,13908.913481796973,13998.000000000002,13998.000000000002,13703.760941918044,13458.91264378532
2025-07-16 11:30:00+00:00,9,150,12940.108634758872,13010.890750422825,13093.08344308097,13184.714898998573,13239.121471581186,13293.297557633889,13329.073758697376,13357.787468406914,13386.43802157239,13415.025878812894,13454.959789385066,13525.741653938441,13578.327629672864,13611.56957207509,13644.726117849628,13677.796946767212,13792.531979713815,13939.431009122558,13998.000000000002,13614.975425848013,13338.47834395873
2025-07-16 11:45:00+00:00,10,165,12812.260462659806,12871.40773469379,12930.301462533233,13015.54844742122,13090.72145937087,13139.389226866037,13187.890818925951,13224.95765367348,13257.36215500571,13289.693572146884,13321.952319241325,13376.956438039011,13439.603985499316,13484.888972230234,13523.207977814338,13561.422924542385,13638.577372044145,13763.03118975475,13941.034713467514,13512.219764405761,13202.701000217814
2025-07-16 12:00:00+00:00,11,180,12695.818941382144,12809.139951883002,12868.277200288016,12939.094587973288,13017.11794284818,13071.812862596862,13124.385195664849,13168.776622609772,13202.68177072282,13236.51132081633,13270.265454502056,13309.028516536788,13351.057254521154,13392.968471723992,13440.300825650525,13492.2344630966,13550.754402785682,13686.516128629615,13852.007297749473,13459.533862451985,13170.737664769511
2025-07-16 12:15:00+00:00,12,195,12766.726924079148,12860.459585649332,12929.584570564464,13037.110412329877,13096.12849813122,13145.078755192388,13190.243486657006,13222.625789281454,13254.938882107353,13287.182751285722,13325.136173560524,13376.130946282003,13426.95039323256,13468.897731582096,13509.08227877062,13549.155380816355,13619.119660083301,13730.01092170444,13899.390109816102,13404.990966825893,13222.213111871744
2025-07-16 12:30:00+00:00,13,210,13005.689253923067,13079.406204521198,13158.115343046282,13242.85233099769,13311.231821881987,13377.716031759564,13410.541059458224,13443.292639036992,13475.9707704824,13509.694842948978,13551.42570660038,13593.034764295711,13633.937873437366,13668.940556923062,13703.857917009209,13738.688768638607,13799.02684401907,13890.214148141049,13998.000000000002,13486.409881514279,13437.965521133036
2025-07-16 12:45:00+00:00,14,225,13145.65157166241,13271.795839004619,13350.670138920887,13467.55376417594,13525.336221485006,13559.747944164277,13594.072843627519,13628.310751947043,13663.777480559163,13699.239114917767,13734.604684429722,13769.859630693934,13804.980869816609,13840.038816465496,13875.00036273344,13922.318369195164,13977.376088320954,13998.000000000002,13998.000000000002,13597.073941965784,13631.218267191827
2025-07-16 13:00:00+00:00,15,240,13311.487544541902,13435.336377831982,13542.97204633208,13637.122826537146,13681.68310228884,13726.07544906084,13765.839336269457,13796.493885181655,13827.063468260127,13857.594941828407,13887.909744583972,13915.180311743148,13942.395402791048,13969.55498700672,13996.659033856437,13998.000000000002,13998.000000000002,13998.000000000002,13998.000000000002,13619.958930485185,13711.031529651158
2025-07-16 13:15:00+00:00,16,255,13310.457555628635,13446.598150108302,13540.075369107908,13669.688521292192,13710.024224629016,13750.204191088354,13790.226827643077,13822.10606815237,13852.359739261336,13882.517981901883,13912.57890499204,13941.501769604034,13968.980832099704,13996.40243662576,13998.000000000002,13998.000000000002,13998.000000000002,13998.000000000002,13998.000000000002,13677.736400473525,13797.636362647205
2025-07-16 13:30:00+00:00,17,270,13428.270580505383,13546.315193814064,13684.504975786309,13766.617537512715,13803.358427140161,13839.949415758785,13872.81651444344,13897.394740618065,13921.902011443251,13946.337389382112,13970.699790066274,13995.650220643809,13998.000000000002,13998.000000000002,13998.000000000002,13998.000000000002,13998.000000000002,13998.000000000002,13998.000000000002,13755.94111665329,13934.24286448805
2025-07-16 13:45:00+00:00,18,285,13576.371903638063,13701.332390687141,13865.695420417034,13909.385255511852,13952.837240957482,13982.41193284721,13998.000000000002,13998.000000000002,13998.000000000002,13998.000000000002,13998.000000000002,13998.000000000002,13998.000000000002,13998.000000000002,13998.000000000002,13998.000000000002,13998.000000000002,13998.000000000002,13998.000000000002,13913.516802968787,13998.000000000002
2025-07-16 14:00:00+00:00,19,300,13612.964563753427,13851.871620975486,13930.031071878508,13968.79893585607,13998.000000000002,13998.000000000002,13998.000000000002,13998.000000000002,13998.000000000002,13998.000000000002,13998.000000000002,13998.000000000002,13998.000000000002,13998.000000000002,13998.000000000002,13998.000000000002,13998.000000000002,13998.000000000002,13998.000000000002,13998.000000000002,13998.000000000002
2025-07-16 14:15:00+00:00,20,315,13628.407136857606,13827.759852444397,13947.274545854521,13980.722612141088,13998.000000000002,13998.000000000002,13998.000000000002,13998.000000000002,13998.000000000002,13998.000000000002,13998.000000000002,13998.000000000002,13998.000000000002,13998.000000000002,13998.000000000002,13998.000000000002,13998.000000000002,13998.000000000002,13998.000000000002,13998.000000000002,13998.000000000002
2025-07-16 14:30:00+00:00,21,330,13647.019463616301,13762.300847506664,13866.907804303317,13972.67227319439,13998.000000000002,13998.000000000002,13998.000000000002,13998.000000000002,13998.000000000002,13998.000000000002,13998.000000000002,13998.000000000002,13998.000000000002,13998.000000000002,13998.000000000002,13998.000000000002,13998.000000000002,13998.000000000002,13998.000000000002,13863.619513621983,13998.000000000002
2025-07-16 14:45:00+00:00,22,345,13859.045257621045,13963.939524526513,13998.000000000002,13998.000000000002,13998.000000000002,13998.000000000002,13998.000000000002,13998.000000000002,13998.000000000002,13998.000000000002,13998.000000000002,13998.000000000002,13998.000000000002,13998.000000000002,13998.000000000002,13998.000000000002,13998.000000000002,13998.000000000002,13998.000000000002,13998.000000000002,13998.000000000002
2025-07-16 15:00:00+00:00,23,360,13881.794696350906,13998.000000000002,13998.000000000002,13998.000000000002,13998.000000000002,13998.000000000002,13998.000000000002,13998.000000000002,13998.000000000002,13998.000000000002,13998.000000000002,13998.000000000002,13998.000000000002,13998.000000000002,13998.000000000002,13998.000000000002,13998.000000000002,13998.000000000002,13998.000000000002,13998.000000000002,13998.000000000002
2025-07-16 15:15:00+00:00,24,375,13937.131462930156,13998.000000000002,13998.000000000002,13998.000000000002,13998.000000000002,13998.000000000002,13998.000000000002,13998.000000000002,13998.000000000002,13998.000000000002,13998.000000000002,13998.000000000002,13998.000000000002,13998.000000000002,13998.000000000002,13998.000000000002,13998.000000000002,13998.000000000002,13998.000000000002,13998.000000000002,13998.000000000002
2025-07-16 15:30:00+00:00,25,390,13956.634782026442,13998.000000000002,13998.000000000002,13998.000000000002,13998.000000000002,13998.000000000002,13998.000000000002,13998.000000000002,13998.000000000002,13998.000000000002,13998.000000000002,13998.000000000002,13998.000000000002,13998.000000000002,13998.000000000002,13998.000000000002,13998.000000000002,13998.000000000002,13998.000000000002,13998.000000000002,13998.000000000002
2025-07-16 15:45:00+00:00,26,405,13727.275909954524,13935.485973764771,13998.000000000002,13998.000000000002,13998.000000000002,13998.000000000002,13998.000000000002,13998.000000000002,13998.000000000002,13998.000000000002,13998.000000000002,13998.000000000002,13998.000000000002,13998.000000000002,13998.000000000002,13998.000000000002,13998.000000000002,13998.000000000002,13998.000000000002,13998.000000000002,13998.000000000002
2025-07-16 16:00:00+00:00,27,420,13263.848926702482,13886.205261040652,13936.939475576763,13998.000000000002,13998.000000000002,13998.000000000002,13998.000000000002,13998.000000000002,13998.000000000002,13998.000000000002,13998.000000000002,13998.000000000002,13998.000000000002,13998.000000000002,13998.000000000002,13998.000000000002,13998.000000000002,13998.000000000002,13998.000000000002,13933.258120656721,13998.000000000002
2025-07-16 16:15:00+00:00,28,435,12998.5586823069,13531.105915087506,13793.374634446202,13812.3413305819,13898.784838855308,13998.000000000002,13998.000000000002,13998.000000000002,13998.000000000002,13998.000000000002,13998.000000000002,13998.000000000002,13998.000000000002,13998.000000000002,13998.000000000002,13998.000000000002,13998.000000000002,13998.000000000002,13998.000000000002,13824.38542271324,13971.018322967728
2025-07-16 16:30:00+00:00,29,450,12449.862172040062,13234.411799424213,13592.244951170876,13725.757770470116,13813.16082593997,13828.388148925585,13936.082167828463,13998.000000000002,13998.000000000002,13998.000000000002,13998.000000000002,13998.000000000002,13998.000000000002,13998.000000000002,13998.000000000002,13998.000000000002,13998.000000000002,13998.000000000002,13998.000000000002,13634.374400685752,13824.246977320776
2025-07-16 16:45:00+00:00,30,465,11099.603162383324,12383.21137669033,12915.678409955666,13181.217507641075,13386.91108550475,13493.131716180562,13593.961976101413,13689.289598964455,13732.687059343423,13833.11978302154,13896.649159905435,13959.63698041213,13998.000000000002,13998.000000000002,13998.000000000002,13998.000000000002,13998.000000000002,13998.000000000002,13998.000000000002,13351.79509017099,13519.042994977743
2025-07-16 17:00:00+00:00,31,480,9451.47722437753,10642.602711648822,11237.374185678467,11683.632910949656,11897.683941799289,12059.824786823168,12157.423126515709,12263.593391523433,12382.806248240058,12504.221846087583,12601.0498538243,12676.517475851157,12672.598492422456,12741.610645256837,12808.721214606618,12887.77810139949,12971.435354954987,13048.875578232704,13132.197119367824,12049.945253629769,12060.588289481757
2025-07-16 17:15:00+00:00,32,495,7225.5913365766555,9151.438320904845,9727.98547538762,10190.217465679814,10530.261363521942,10662.078091846255,10799.945728429717,10903.458379150057,10991.083928868307,11131.310252767398,11261.969949384478,11366.551146856507,11444.186029927943,11519.784298698005,11592.275963359936,11665.822510452712,11679.806858809501,11771.897713741233,11879.53055964371,10810.23157923164,10789.529632123964
2025-07-16 17:30:00+00:00,33,510,5011.873287830859,7345.580335826095,8120.681583306607,8521.270309775173,8897.518888776693,9158.7619303854,9338.20626252554,9476.457815155314,9575.654955707972,9676.348623206526,9786.743706707475,9940.645555344283,10034.565482266733,10121.781997404807,10201.753388093475,10287.3478015648,10377.749041629668,10478.022370337394,10553.234366520526,9499.915195195523,9217.508180280398
2025-07-16 17:45:00+00:00,34,525,4115.322908997871,5713.407454523154,6221.159816925198,6772.329996078828,7139.288495867058,7418.130698735175,7639.455843576443,7842.37157159249,8039.342687759064,8144.825576045747,8238.917459391867,8365.040322337625,8495.402792029241,8592.719934823936,8693.516270585114,8786.919442595034,8871.446628295786,8979.976473599385,9127.592459121222,8138.229044219681,7671.687037052764
2025-07-16 18:00:00+00:00,35,540,2746.858252400478,4038.8829682382657,4726.544819787046,5085.593421817148,5423.1642259334885,5831.459790634458,6101.393642056017,6268.017208537083,6408.881185936399,6582.029598541944,6674.932859972769,6751.197788181839,6863.142239910715,7023.479838638086,7149.172804412168,7233.558631598276,7322.831160238275,7423.203856049622,7571.328485426006,6750.478574665638,6052.947474119019
2025-07-16 18:15:00+00:00,36,555,2135.1894724487024,2591.892184472553,3390.4447641178995,3795.905258854343,4050.459526387804,4343.197002752679,4603.777298032942,4856.5834286425525,5004.238007896049,5140.4150242011365,5274.117623650464,5340.707645856239,5423.241352113943,5529.055936695627,5681.184768294456,5751.081018145631,5826.627461761556,5914.542144650229,6037.220880613518,5404.004936785004,4585.725888956377
2025-07-16 18:30:00+00:00,37,570,1477.9058185294798,1786.8282651253824,2377.2029943658945,2638.716128471596,2936.7614614981626,3095.221208165592,3297.716412136618,3522.3306496954083,3732.512653050534,3797.041901149297,3915.6075811445517,3983.7383440549006,4026.7139935857317,4111.516575182203,4223.698147847497,4325.267088895619,4390.668207909447,4459.020364419442,4553.966526261384,4081.4576256179134,3368.9548723135654
2025-07-16 18:45:00+00:00,38,585,651.8694954122607,905.0225842250779,1012.3389619281199,1149.355845246101,1616.8409315025763,1776.29937394261,1913.734635510598,2076.0541982627924,2398.680380241581,2529.932657417133,2602.5289665538526,2683.3690893459166,2781.850179739659,2826.850782981554,2905.5942494380533,3000.907975501535,3098.2461052391022,3163.691121779526,3312.3091773952506,2845.6038654580275,2065.074056130662
2025-07-16 19:00:00+00:00,39,600,279.2257553023581,338.2073422440985,421.79974970052564,544.1799795668819,670.87357128255,760.8765499696763,1064.7541704588207,1133.5919434079406,1219.8681346309327,1486.894526751172,1561.8466824948835,1603.6509326246035,1663.0818399165441,1690.9494215593065,1748.0239440509858,1882.8153836238457,1942.866717994062,1990.061667410514,2127.34163266844,1729.5815064553165,1153.6620402760564
2025-07-16 19:15:00+00:00,40,615,,,,,,,,,,,,,,,,,,,,852.6241805473561,
2025-07-16 19:30:00+00:00,41,630,,,,,,,,,,,,,,,,,,,,208.2379362694462,
2025-07-16 19:45:00+00:00,42,645,,,,,,,,,,,,,,,,,,,,11.845924177591261,
2025-07-16 20:00:00+00:00,43,660,,,,,,,,,,,,,,,,,,,,,
2025-07-16 20:15:00+00:00,44,675,,,,,,,,,,,,,,,,,,,,,
2025-07-16 20:30:00+00:00,45,690,,,,,,,,,,,,,,,,,,,,,
2025-07-16 20:45:00+00:00,46,705,,,,,,,,,,,,,,,,,,,,,
2025-07-16 21:00:00+00:00,47,720,,,,,,,,,,,,,,,,,,,,,
2025-07-16 21:15:00+00:00,48,735,,,,,,,,,,,,,,,,,,,,,
2025-07-16 21:30:00+00:00,49,750,,,,,,,,,,,,,,,,,,,,,
2025-07-16 21:45:00+00:00,50,765,,,,,,,,,,,,,,,,,,,,,
2025-07-16 22:00:00+00:00,51,780,,,,,,,,,,,,,,,,,,,,,
2025-07-16 22:15:00+00:00,52,795,,,,,,,,,,,,,,,,,,,,,
2025-07-16 22:30:00+00:00,53,810,,,,,,,,,,,,,,,,,,,,,
2025-07-16 22:45:00+00:00,54,825,,,,,,,,,,,,,,,,,,,,,
2025-07-16 23:00:00+00:00,55,840,,,,,,,,,,,,,,,,,,,,,
2025-07-16 23:15:00+00:00,56,855,,,,,,,,,,,,,,,,,,,,,
2025-07-16 23:30:00+00:00,57,870,,,,,,,,,,,,,,,,,,,,,
2025-07-16 23:45:00+00:00,58,885,,,,,,,,,,,,,,,,,,,,,
2025-07-17 00:00:00+00:00,59,900,,,,,,,,,,,,,,,,,,,,,
2025-07-17 00:15:00+00:00,60,915,,,,,,,,,,,,,,,,,,,,,
2025-07-17 00:30:00+00:00,61,930,,,,,,,,,,,,,,,,,,,,,
2025-07-17 00:45:00+00:00,62,945,,,,,,,,,,,,,,,,,,,,,
2025-07-17 01:00:00+00:00,63,960,,,,,,,,,,,,,,,,,,,,,
2025-07-17 01:15:00+00:00,64,975,,,,,,,,,,,,,,,,,,,,,
2025-07-17 01:30:00+00:00,65,990,,,,,,,,,,,,,,,,,,,,,
2025-07-17 01:45:00+00:00,66,1005,,,,,,,,,,,,,,,,,,,,,
2025-07-17 02:00:00+00:00,67,1020,,,,,,,,,,,,,,,,,,,,,
2025-07-17 02:15:00+00:00,68,1035,,,,,,,,,,,,,,,,,,,,,
2025-07-17 02:30:00+00:00,69,1050,,,,,,,,,,,,,,,,,,,,,
2025-07-17 02:45:00+00:00,70,1065,,,,,,,,,,,,,,,,,,,,,
2025-07-17 03:00:00+00:00,71,1080,,,,,,,,,,,,,,,,,,,,,
2025-07-17 03:15:00+00:00,72,1095,,,,,,,,,,,,,,,,,,,,,
2025-07-17 03:30:00+00:00,73,1110,,,,,,,,,,,,,,,,,,,,,
2025-07-17 03:45:00+00:00,74,1125,,,,,,,,,,,,,,,,,,,,,
2025-07-17 04:00:00+00:00,75,1140,,,,,,,,,,,,,,,,,,,,,
2025-07-17 04:15:00+00:00,76,1155,,,,,,,,,,,,,,,,,,,,,
2025-07-17 04:30:00+00:00,77,1170,,,,,,,,,,,,,,,,,,,,,
2025-07-17 04:45:00+00:00,78,1185,,,,,,,,,,,,,,,,,,,,,
2025-07-17 05:00:00+00:00,79,1200,19.6256583644245,42.14217924581184,51.96581358122859,63.66523083526373,68.61436856660605,77.81159840388246,85.23415317060694,91.53623406866251,97.28966529726056,101.05883072771424,108.25138709610701,115.40362701520185,124.2102917094592,129.01245498821874,136.49569996779104,139.87686390635173,144.01087665062195,146.83332936385398,160.99533102355386,134.4742660121663,99.4556020316238
2025-07-17 05:15:00+00:00,80,1215,80.30026580876113,225.95751082268845,304.9593342230671,368.32798529716587,413.1115348327017,431.52472469744555,480.1387743195523,505.5701403598276,535.69046042343,560.0714938991508,579.5596887951473,597.3204781696643,633.422340305546,655.5863144310233,683.1819730865251,706.7776403611473,730.7180003534194,744.2422445402324,818.9575968432431,667.311601429026,502.13397049136853
2025-07-17 05:30:00+00:00,81,1230,517.0801682881544,747.4581156702552,958.2264310595416,1083.690872890162,1124.7863172158277,1169.6138886800982,1236.9800631551996,1309.1477580603703,1334.039539392465,1357.8213569234942,1382.527047325795,1412.1796022696487,1447.901191084039,1479.3028513221393,1513.05934308551,1578.684313065356,1682.178734690365,1719.0794049376025,1789.5601241081426,1531.8853822947565,1281.8631007610868
2025-07-17 05:45:00+00:00,82,1245,1214.2892655035635,1633.3855573838073,1844.281906993495,1943.039734257935,2063.5620128599235,2147.936958314312,2197.2596094839914,2262.8680114246986,2299.07509892524,2332.9908077763776,2364.2352134019798,2396.7078032375844,2431.056687685621,2499.6249951206337,2580.3596901344063,2643.4401495978777,2778.862510203788,2936.0469138351755,3048.1492141066524,2639.399919297201,2247.503100207974
2025-07-17 06:00:00+00:00,83,1260,2257.1806257269186,2647.4146358056764,2945.852113294572,3101.6334462976906,3188.5810345803843,3277.752045099371,3377.398259832251,3428.9783069716677,3478.681075939455,3585.3379223716106,3630.8820597365225,3676.7369119399727,3722.892655838346,3795.028729564054,3867.716526540028,3926.4287010954395,4045.254281356115,4274.786416801686,4470.107665171026,3889.5412849469503,3446.37627785366
2025-07-17 06:15:00+00:00,84,1275,3157.6205431133503,4014.919905907742,4253.406424625794,4384.52113279033,4610.748942444754,4722.13877623285,4797.056658487448,4849.877763984974,4897.816827237772,4948.517784679017,5018.2699810161575,5090.434396630404,5169.08393067165,5233.424891081923,5287.573019420442,5386.886365120516,5666.332674974846,5928.937575302224,6185.674855253758,5243.87426514085,4896.542311850736
2025-07-17 06:30:00+00:00,85,1290,3178.981410271895,5390.955522047929,5712.144394134138,5852.18568281356,6038.360322574154,6146.422669177631,6224.172201095664,6295.301482922795,6363.686616151448,6430.9900746850035,6511.988728724708,6607.872977545687,6676.591697779533,6742.5833756475395,6855.841251811496,7077.842056950353,7275.749135287981,7457.222498207659,7708.1863342629285,6647.66705976209,6293.938651531732
2025-07-17 06:45:00+00:00,86,1305,5048.471454996219,6731.277583464032,6950.875844263059,7119.590705509116,7384.801320292891,7511.85099134702,7581.093540537692,7650.291895980726,7736.561153626565,7825.466652207622,7924.618223958293,8056.755509085551,8126.350123643663,8195.613624388674,8323.901118483676,8580.971019609748,8718.183874339744,8892.313272326428,9144.805719388603,8085.603290301958,7717.485671412568
2025-07-17 07:00:00+00:00,87,1320,4894.661816852805,6487.961524960286,8144.489890586183,8342.460315687113,8615.361949294795,8805.664061845126,8894.061301208585,8953.876581298198,9013.55406854683,9176.725124000886,9297.776788006073,9417.19707932581,9477.272711484557,9537.008038404681,9654.308024486536,9917.476787152402,10103.225025324427,10338.424546128555,10553.318918682866,9479.81657730528,8804.423923124019
2025-07-17 07:15:00+00:00,88,1335,6381.70333738412,9117.819072110135,9498.68065637133,9755.56757736852,9989.30293665501,10207.524317487156,10333.382532685377,10445.50754398805,10535.791104931546,10627.675481613353,10730.072122662787,10819.897296349181,10888.688632475556,10956.893839321438,11050.9083461878,11155.976239794145,11424.372993630815,11637.0616374721,11894.452497086108,10822.826913818626,10332.014494523166
2025-07-17 07:30:00+00:00,89,1350,6958.939710708954,10464.22129478175,10844.133237621838,11047.800150234212,11343.33634400881,11493.785757552489,11650.70549612475,11799.768118003549,11914.167605360608,11997.742301197062,12081.734495230807,12166.264247406532,12237.669888795137,12296.93298737677,12355.642612859294,12501.506357331325,12712.182046391756,12808.392024623197,13110.061563539313,12093.787516133429,11579.61596731672
2025-07-17 07:45:00+00:00,90,1365,8884.176670568064,11627.482484967331,12211.81563547523,12443.341480655712,12629.324916975174,12793.778185997377,12962.287035659367,13114.290733052729,13199.011731138804,13282.595055791598,13364.925655132016,13435.442566983538,13505.092952904877,13573.87486080479,13664.283759436494,13793.221968842327,13876.922730144748,13998.000000000002,13998.000000000002,13379.922798571168,13134.728063872228
2025-07-17 08:00:00+00:00,91,1380,8640.17148274131,12342.893360499527,12851.065630631127,13137.132312964588,13356.96030419857,13476.14801794701,13615.436676147256,13770.408543831822,13858.813432703493,13945.787981493575,13998.000000000002,13998.000000000002,13998.000000000002,13998.000000000002,13998.000000000002,13998.000000000002,13998.000000000002,13998.000000000002,13998.000000000002,13998.000000000002,13664.440908638044
2025-07-17 08:15:00+00:00,92,1395,9866.28639289522,12846.116112848675,13136.165128848392,13413.07660187875,13572.256967682957,13706.788700676972,13846.435804337429,13954.644515507984,13998.000000000002,13998.000000000002,13998.000000000002,13998.000000000002,13998.000000000002,13998.000000000002,13998.000000000002,13998.000000000002,13998.000000000002,13998.000000000002,13998.000000000002,13998.000000000002,13875.965159886362
2025-07-17 08:30:00+00:00,93,1410,11032.899818791831,13244.64779624355,13478.480002839928,13647.609152008836,13826.429592724036,13991.81547034948,13998.000000000002,13998.000000000002,13998.000000000002,13998.000000000002,13998.000000000002,13998.000000000002,13998.000000000002,13998.000000000002,13998.000000000002,13998.000000000002,13998.000000000002,13998.000000000002,13998.000000000002,13998.000000000002,13998.000000000002
2025-07-17 08:45:00+00:00,94,1425,10930.732433168218,13419.21005200717,13582.297320370102,13743.781002595962,13936.1874728797,13995.190029581665,13998.000000000002,13998.000000000002,13998.000000000002,13998.000000000002,13998.000000000002,13998.000000000002,13998.000000000002,13998.000000000002,13998.000000000002,13998.000000000002,13998.000000000002,13998.000000000002,13998.000000000002,13998.000000000002,13998.000000000002
2025-07-17 09:00:00+00:00,95,1440,11495.848606817683,13475.899089972449,13650.3542632251,13767.205002437611,13835.781232798989,13998.000000000002,13998.000000000002,13998.000000000002,13998.000000000002,13998.000000000002,13998.000000000002,13998.000000000002,13998.000000000002,13998.000000000002,13998.000000000002,13998.000000000002,13998.000000000002,13998.000000000002,13998.000000000002,13998.000000000002,13998.000000000002
2025-07-17 09:15:00+00:00,96,1455,13018.99754160928,13642.015845319682,13792.220718563387,13807.009135995495,13998.000000000002,13998.000000000002,13998.000000000002,13998.000000000002,13998.000000000002,13998.000000000002,13998.000000000002,13998.000000000002,13998.000000000002,13998.000000000002,13998.000000000002,13998.000000000002,13998.000000000002,13998.000000000002,13998.000000000002,13998.000000000002,13998.000000000002
2025-07-17 09:30:00+00:00,97,1470,13084.560249141885,13605.068401645172,13732.952138873668,13848.362473267363,13998.000000000002,13998.000000000002,13998.000000000002,13998.000000000002,13998.000000000002,13998.000000000002,13998.000000000002,13998.000000000002,13998.000000000002,13998.000000000002,13998.000000000002,13998.000000000002,13998.000000000002,13998.000000000002,13998.000000000002,13998.000000000002,13998.000000000002
2025-07-17 09:45:00+00:00,98,1485,13110.62952240396,13636.791884947397,13712.78142501146,13891.670068358142,13998.000000000002,13998.000000000002,13998.000000000002,13998.000000000002,13998.000000000002,13998.000000000002,13998.000000000002,13998.000000000002,13998.000000000002,13998.000000000002,13998.000000000002,13998.000000000002,13998.000000000002,13998.000000000002,13998.000000000002,13998.000000000002,13998.000000000002
2025-07-17 10:00:00+00:00,99,1500,13185.750231423304,13618.13370579882,13704.440337807495,13872.58644815519,13998.000000000002,13998.000000000002,13998.000000000002,13998.000000000002,13998.000000000002,13998.000000000002,13998.000000000002,13998.000000000002,13998.000000000002,13998.000000000002,13998.000000000002,13998.000000000002,13998.000000000002,13998.000000000002,13998.000000000002,13998.000000000002,13998.000000000002
2025-07-17 10:15:00+00:00,100,1515,13082.212063329614,13554.12903093805,13665.44843389449,13823.06701961667,13925.38379587627,13972.1711117897,13998.000000000002,13998.000000000002,13998.000000000002,13998.000000000002,13998.000000000002,13998.000000000002,13998.000000000002,13998.000000000002,13998.000000000002,13998.000000000002,13998.000000000002,13998.000000000002,13998.000000000002,13963.60571417005,13957.618602831077
2025-07-17 10:30:00+00:00,101,1530,13062.059062978316,13523.297107424121,13647.465165599493,13775.91076330868,13865.812057877278,13926.134996227145,13981.29816914619,13998.000000000002,13998.000000000002,13998.000000000002,13998.000000000002,13998.000000000002,13998.000000000002,13998.000000000002,13998.000000000002,13998.000000000002,13998.000000000002,13998.000000000002,13998.000000000002,13884.428202406354,13879.039064905106
2025-07-17 10:45:00+00:00,102,1545,12925.66903896577,13434.701263244642,13559.965542215752,13682.09547957526,13768.885630611187,13825.758868728672,13880.864768470406,13929.88670549705,13978.61157440022,13998.000000000002,13998.000000000002,13998.000000000002,13998.000000000002,13998.000000000002,13998.000000000002,13998.000000000002,13998.000000000002,13998.000000000002,13998.000000000002,13797.979888634683,13787.097356376202
2025-07-17 11:00:00+00:00,103,1560,12606.916985852593,13332.520485195319,13471.952339609594,13594.312249337538,13693.025210318518,13757.14018946475,13814.798158683536,13857.13128716555,13899.276870421554,13938.533905549762,13963.525200238544,13988.445989648197,13998.000000000002,13998.000000000002,13998.000000000002,13998.000000000002,13998.000000000002,13998.000000000002,13998.000000000002,13758.525685605813,13761.216583476735
2025-07-17 11:15:00+00:00,104,1575,12443.127553523245,13252.853828822681,13346.381713031336,13486.777163975668,13608.403911458801,13656.445844731817,13695.120389113481,13733.664133547198,13776.5303893288,13822.727015599963,13868.726520448034,13902.99743816407,13934.360997285376,13965.723884745572,13996.998988690535,13998.000000000002,13998.000000000002,13998.000000000002,13998.000000000002,13690.490110591616,13651.929466927828
2025-07-17 11:30:00+00:00,105,1590,11872.46962829003,13123.374918656054,13269.886608828318,13353.771793582471,13474.20724696105,13547.733448295963,13606.675408035215,13663.802633498623,13719.75459166827,13764.529189804894,13789.819659147031,13815.056368273456,13840.265603266776,13865.430703737109,13922.851565384548,13998.000000000002,13998.000000000002,13998.000000000002,13998.000000000002,13601.261101706936,13543.156500998699
2025-07-17 11:45:00+00:00,106,1605,11687.08316165368,12983.738195518998,13105.146892716873,13199.049084214683,13316.90381182831,13416.474729083771,13470.653259933317,13526.608941900358,13590.067879564633,13646.764860554513,13675.248338692607,13703.670981105892,13732.045776667093,13760.361464791678,13829.424579800698,13923.689992441296,13998.000000000002,13998.000000000002,13998.000000000002,13498.196381343476,13422.088405690482
2025-07-17 12:00:00+00:00,107,1620,10423.737769993993,12504.039708823657,13015.607612048036,13125.339612870199,13261.612753398202,13357.911597735449,13406.162852417418,13454.258258308499,13511.238545962251,13568.77734316335,13608.762109335075,13640.400693831338,13671.96878546758,13703.466553569519,13760.41932883495,13832.537479782726,13968.665157977532,13998.000000000002,13998.000000000002,13445.29426514352,13215.646013126085
2025-07-17 12:15:00+00:00,108,1635,8626.341161382255,12272.704869818264,12926.499364522362,13041.981332174711,13211.374924280293,13319.367741157504,13368.149786661877,13416.77158514414,13491.509941872484,13553.743303895748,13583.429356925573,13613.052760847262,13642.614358550705,13672.113969754553,13735.303024559029,13799.695514271316,13940.126044510282,13991.615822903776,13998.000000000002,13390.600115865489,13100.290201307129
2025-07-17 12:30:00+00:00,109,1650,8739.805807229157,12960.77233246987,13162.549335276097,13279.178199092035,13435.027751579095,13494.820481415147,13552.741843966673,13613.648982310282,13675.148160792523,13714.643311602893,13746.329374900026,13777.943321244386,13809.48509738616,13858.660190151964,13912.583714196893,13998.000000000002,13998.000000000002,13998.000000000002,13998.000000000002,13472.211380117671,13373.174420178839
2025-07-17 12:45:00+00:00,110,1665,8977.822439065569,12695.492484424514,13338.26721821451,13447.056601034355,13595.823143018899,13675.1270938737,13732.640781965583,13791.055057064801,13849.927087942706,13901.118954151632,13943.979696264321,13986.705206152159,13998.000000000002,13998.000000000002,13998.000000000002,13998.000000000002,13998.000000000002,13998.000000000002,13998.000000000002,13583.1976140897,13550.61337410041
2025-07-17 13:00:00+00:00,111,1680,10587.066612304357,13298.508046846235,13460.852452582432,13548.506764818234,13719.241445723974,13774.2003913003,13828.889237133839,13888.540646532494,13948.006468228166,13992.075777490081,13998.000000000002,13998.000000000002,13998.000000000002,13998.000000000002,13998.000000000002,13998.000000000002,13998.000000000002,13998.000000000002,13998.000000000002,13606.634905012541,13734.608546808753
2025-07-17 13:15:00+00:00,112,1695,11845.357522465954,13419.243598741077,13547.949094889076,13666.298860403747,13809.389120404934,13860.46514854445,13911.325115901433,13962.321880517684,13998.000000000002,13998.000000000002,13998.000000000002,13998.000000000002,13998.000000000002,13998.000000000002,13998.000000000002,13998.000000000002,13998.000000000002,13998.000000000002,13998.000000000002,13665.043985446908,13870.168447006585
2025-07-17 13:30:00+00:00,113,1710,12950.079914385122,13512.763782916507,13635.589482774261,13852.110689174237,13897.486737898564,13942.61961553531,13989.65090770869,13998.000000000002,13998.000000000002,13998.000000000002,13998.000000000002,13998.000000000002,13998.000000000002,13998.000000000002,13998.000000000002,13998.000000000002,13998.000000000002,13998.000000000002,13998.000000000002,13743.948080603126,13998.000000000002
2025-07-17 13:45:00+00:00,114,1725,13508.772048805646,13653.615971926429,13804.339272084848,13971.0435664998,13998.000000000002,13998.000000000002,13998.000000000002,13998.000000000002,13998.000000000002,13998.000000000002,13998.000000000002,13998.000000000002,13998.000000000002,13998.000000000002,13998.000000000002,13998.000000000002,13998.000000000002,13998.000000000002,13998.000000000002,13902.215048621845,13998.000000000002
2025-07-17 14:00:00+00:00,115,1740,13588.610254154943,13750.467992565262,13998.000000000002,13998.000000000002,13998.000000000002,13998.000000000002,13998.000000000002,13998.000000000002,13998.000000000002,13998.000000000002,13998.000000000002,13998.000000000002,13998.000000000002,13998.000000000002,13998.000000000002,13998.000000000002,13998.000000000002,13998.000000000002,13998.000000000002,13990.433431164216,13998.000000000002
2025-07-17 14:15:00+00:00,116,1755,13411.224874125732,13696.674345022355,13998.000000000002,13998.000000000002,13998.000000000002,13998.000000000002,13998.000000000002,13998.000000000002,13998.000000000002,13998.000000000002,13998.000000000002,13998.000000000002,13998.000000000002,13998.000000000002,13998.000000000002,13998.000000000002,13998.000000000002,13998.000000000002,13998.000000000002,13998.000000000002,13998.000000000002
2025-07-17 14:30:00+00:00,117,1770,12065.704717648625,13236.620587927828,13441.720883965061,13739.280977371393,13792.751662896331,13845.70453042241,13897.35962574932,13948.113617232839,13998.000000000002,13998.000000000002,13998.000000000002,13998.000000000002,13998.000000000002,13998.000000000002,13998.000000000002,13998.000000000002,13998.000000000002,13998.000000000002,13998.000000000002,13854.795797418854,13847.33019451099
2025-07-17 14:45:00+00:00,118,1785,8358.698890611144,13359.92768873143,13579.50497842699,13848.134736513095,13965.377565138011,13998.000000000002,13998.000000000002,13998.000000000002,13998.000000000002,13998.000000000002,13998.000000000002,13998.000000000002,13998.000000000002,13998.000000000002,13998.000000000002,13998.000000000002,13998.000000000002,13998.000000000002,13998.000000000002,13998.000000000002,13892.623997614348
2025-07-17 15:00:00+00:00,119,1800,12214.347296417283,13388.969933384049,13611.342427105186,13879.506245096001,13998.000000000002,13998.000000000002,13998.000000000002,13998.000000000002,13998.000000000002,13998.000000000002,13998.000000000002,13998.000000000002,13998.000000000002,13998.000000000002,13998.000000000002,13998.000000000002,13998.000000000002,13998.000000000002,13998.000000000002,13998.000000000002,13998.000000000002
2025-07-17 15:15:00+00:00,120,1815,11808.50017446597,13379.634351284718,13754.12374445519,13944.22448952508,13998.000000000002,13998.000000000002,13998.000000000002,13998.000000000002,13998.000000000002,13998.000000000002,13998.000000000002,13998.000000000002,13998.000000000002,13998.000000000002,13998.000000000002,13998.000000000002,13998.000000000002,13998.000000000002,13998.000000000002,13998.000000000002,13998.000000000002
2025-07-17 15:30:00+00:00,121,1830,11929.17638837043,13348.340535509806,13693.876420151648,13788.73863629545,13991.859932265945,13998.000000000002,13998.000000000002,13998.000000000002,13998.000000000002,13998.000000000002,13998.000000000002,13998.000000000002,13998.000000000002,13998.000000000002,13998.000000000002,13998.000000000002,13998.000000000002,13998.000000000002,13998.000000000002,13998.000000000002,13998.000000000002
2025-07-17 15:45:00+00:00,122,1845,8130.882912274209,13012.12926144849,13382.35232232178,13594.794985524499,13801.063937764566,13892.614224702646,13994.647584950373,13998.000000000002,13998.000000000002,13998.000000000002,13998.000000000002,13998.000000000002,13998.000000000002,13998.000000000002,13998.000000000002,13998.000000000002,13998.000000000002,13998.000000000002,13998.000000000002,13998.000000000002,13800.00310817031
2025-07-17 16:00:00+00:00,123,1860,5554.131916596269,12118.14887909183,13036.933243542275,13340.649262241643,13551.872099731536,13825.929491220237,13855.983104761946,13931.61957644156,13998.000000000002,13998.000000000002,13998.000000000002,13998.000000000002,13998.000000000002,13998.000000000002,13998.000000000002,13998.000000000002,13998.000000000002,13998.000000000002,13998.000000000002,13926.364947500311,13633.626202578902
2025-07-17 16:15:00+00:00,124,1875,5210.258414911596,11310.06312468862,12533.596141123317,12915.653719978563,13234.076153006557,13557.30695714218,13678.838450380787,13776.86261228901,13862.561351505257,13866.743434545007,13955.682340162419,13998.000000000002,13998.000000000002,13998.000000000002,13998.000000000002,13998.000000000002,13998.000000000002,13998.000000000002,13998.000000000002,13817.420547669079,13344.80821697934
2025-07-17 16:30:00+00:00,125,1890,4827.968957974859,10842.795213185253,12025.512228610114,12486.48632122007,12851.248979696393,13155.735360396737,13381.346456087054,13516.684488660992,13615.590880631586,13713.61535328436,13810.647742034973,13868.990383757266,13834.960624212712,13887.43843054708,13956.380372484233,13998.000000000002,13998.000000000002,13998.000000000002,13998.000000000002,13626.6846620577,13052.173388041801
2025-07-17 16:45:00+00:00,126,1905,3344.5103543767787,9599.824170113205,11176.164354491802,11684.302446485959,12175.849868058358,12531.998095981711,12821.50519835068,13038.61849205963,13157.016630530556,13262.784890238863,13355.410059308151,13429.363495823756,13488.293653388699,13546.52453722301,13615.539225155102,13688.941884443217,13823.00693486959,13998.000000000002,13998.000000000002,13277.64944283041,12389.88249595549
2025-07-17 17:00:00+00:00,127,1920,2863.480832190116,7919.232302359373,9430.974517353727,10276.982697698928,10583.780217914727,11034.154509533835,11336.257840563658,11586.628811444423,11843.034105267452,11978.210628900555,12051.387348064274,12115.018950280382,12176.512596272289,12231.816647356583,12286.596404778104,12362.107065974245,12549.449125528414,12784.613912836361,13181.939018023068,12004.166011799805,10879.446156905771
2025-07-17 17:15:00+00:00,128,1935,2554.1061007383073,5520.197563243344,7481.387893690426,8202.06918851685,8997.092512366271,9389.112285031119,9699.971727110913,10089.620738058493,10386.144929550146,10524.507249858325,10631.903854634797,10701.552840054776,10770.591880000402,10839.315791429724,10907.782289473735,10975.5934063378,11212.565553670325,11490.574627249436,11844.2075614643,10763.119581790566,9492.389964255746
2025-07-17 17:30:00+00:00,129,1950,2318.7035947149257,3922.1833470908005,6122.607315421716,6883.458460879579,7576.850667313811,7926.507253362907,8262.431444472668,8501.605762195923,8753.544518591336,8973.493036233824,9128.681788507303,9215.329230189842,9286.657895854194,9357.5126282788,9435.33575028812,9513.582682157697,9769.292166500914,10014.298715991117,10434.299986394795,9450.583359387567,8033.371414707397
2025-07-17 17:45:00+00:00,130,1965,1574.0758697505114,2933.6757330701585,4499.986321007958,5518.977201568667,5989.135136001235,6426.475497752449,6914.796856241378,7151.018613681224,7356.733991271069,7587.151188370099,7695.285775680745,7765.101200610403,7838.788463051118,7921.806301470663,8049.169254795964,8140.050566418722,8363.156169002612,8590.01593051356,8929.650940789426,8086.733078527814,6650.700468509023
2025-07-17 18:00:00+00:00,131,1980,1275.9987163882224,2295.3031146394374,3551.183404048963,4136.2007041103625,4717.054836425937,5220.471061772485,5689.433666983945,5914.9316560345505,6150.056886014945,6305.266126627328,6390.669688385838,6458.2530650542285,6547.4301861688045,6641.6995772447035,6722.99605915686,6914.945473912767,7085.976728033361,7304.934443906435,7714.349258390821,6698.59554688317,5372.131090580945
2025-07-17 18:15:00+00:00,132,1995,850.462628189925,1486.2877926783106,1992.0023180566664,2561.8267469670714,3003.444709054208,3451.6839424031364,3930.537898017544,4195.15605875866,4375.27200683823,4568.317597535837,4872.9467829476935,4956.074567192918,5041.398836845752,5131.524907992848,5201.0179051409195,5289.378878929284,5511.8408673041295,5654.8842593153195,6012.123938064509,5351.417836631709,3960.637608133453
2025-07-17 18:30:00+00:00,133,2010,522.4059520584694,754.8063427638331,1149.937755233631,1464.652848201284,1985.3924846481739,2277.7498907539198,2726.7383234947233,3091.0917672149603,3252.9575256856024,3496.0111561021913,3735.623482300548,3811.3248331375626,3861.9142466078033,3906.5198548088697,4063.8037198965085,4181.356939408718,4274.563121243042,4402.561200339515,4620.356538242127,4029.756482152075,2772.96242306248
2025-07-17 18:45:00+00:00,134,2025,324.994277938568,416.9366319416252,608.1312519429669,678.4571179191083,898.8031133221156,1091.637363865017,1494.0139146288052,1812.5399896156264,2144.752100074089,2227.1699684585656,2425.631286991758,2532.9819044887663,2585.665862182418,2645.3577957995026,2792.557045824691,2887.4296560475627,2949.0709885921997,3007.7369407219,3139.2844788965385,2796.9264913771085,1728.2986787014934
2025-07-17 19:00:00+00:00,135,2040,131.39163411956406,193.0200247582011,244.27606493636057,329.91006655678893,370.7285396865343,400.0069249676186,540.4062085043532,746.2288109018523,902.4037918269338,1256.7599241134485,1290.739664690702,1428.6352430749087,1515.0301672131725,1545.2933575461375,1640.0823038368783,1700.422466215718,1807.0470780955952,1890.9636389454831,1993.9412838639987,1687.4405359250184,903.1066142879196
2025-07-17 19:15:00+00:00,136,2055,,,,,,,,,,,,,,,,,,,,815.0933238045238,
2025-07-17 19:30:00+00:00,137,2070,,,,,,,,,,,,,,,,,,,,193.10320562909249,
2025-07-17 19:45:00+00:00,138,2085,,,,,,,,,,,,,,,,,,,,,
2025-07-17 20:00:00+00:00,139,2100,,,,,,,,,,,,,,,,,,,,,
2025-07-17 20:15:00+00:00,140,2115,,,,,,,,,,,,,,,,,,,,,
2025-07-17 20:30:00+00:00,141,2130,,,,,,,,,,,,,,,,,,,,,
2025-07-17 20:45:00+00:00,142,2145,,,,,,,,,,,,,,,,,,,,,
2025-07-17 21:00:00+00:00,143,2160,,,,,,,,,,,,,,,,,,,,,
2025-07-17 21:15:00+00:00,144,2175,,,,,,,,,,,,,,,,,,,,,
2025-07-17 21:30:00+00:00,145,2190,,,,,,,,,,,,,,,,,,,,,
2025-07-17 21:45:00+00:00,146,2205,,,,,,,,,,,,,,,,,,,,,
2025-07-17 22:00:00+00:00,147,2220,,,,,,,,,,,,,,,,,,,,,
2025-07-17 22:15:00+00:00,148,2235,,,,,,,,,,,,,,,,,,,,,
2025-07-17 22:30:00+00:00,149,2250,,,,,,,,,,,,,,,,,,,,,
2025-07-17 22:45:00+00:00,150,2265,,,,,,,,,,,,,,,,,,,,,
2025-07-17 23:00:00+00:00,151,2280,,,,,,,,,,,,,,,,,,,,,
2025-07-17 23:15:00+00:00,152,2295,,,,,,,,,,,,,,,,,,,,,
2025-07-17 23:30:00+00:00,153,2310,,,,,,,,,,,,,,,,,,,,,
2025-07-17 23:45:00+00:00,154,2325,,,,,,,,,,,,,,,,,,,,,
2025-07-18 00:00:00+00:00,155,2340,,,,,,,,,,,,,,,,,,,,,
2025-07-18 00:15:00+00:00,156,2355,,,,,,,,,,,,,,,,,,,,,
2025-07-18 00:30:00+00:00,157,2370,,,,,,,,,,,,,,,,,,,,,
2025-07-18 00:45:00+00:00,158,2385,,,,,,,,,,,,,,,,,,,,,
2025-07-18 01:00:00+00:00,159,2400,,,,,,,,,,,,,,,,,,,,,
2025-07-18 01:15:00+00:00,160,2415,,,,,,,,,,,,,,,,,,,,,
2025-07-18 01:30:00+00:00,161,2430,,,,,,,,,,,,,,,,,,,,,
2025-07-18 01:45:00+00:00,162,2445,,,,,,,,,,,,,,,,,,,,,
2025-07-18 02:00:00+00:00,163,2460,,,,,,,,,,,,,,,,,,,,,
2025-07-18 02:15:00+00:00,164,2475,,,,,,,,,,,,,,,,,,,,,
2025-07-18 02:30:00+00:00,165,2490,,,,,,,,,,,,,,,,,,,,,
2025-07-18 02:45:00+00:00,166,2505,,,,,,,,,,,,,,,,,,,,,
2025-07-18 03:00:00+00:00,167,2520,,,,,,,,,,,,,,,,,,,,,
2025-07-18 03:15:00+00:00,168,2535,,,,,,,,,,,,,,,,,,,,,
2025-07-18 03:30:00+00:00,169,2550,,,,,,,,,,,,,,,,,,,,,
2025-07-18 03:45:00+00:00,170,2565,,,,,,,,,,,,,,,,,,,,,
2025-07-18 04:00:00+00:00,171,2580,,,,,,,,,,,,,,,,,,,,,
2025-07-18 04:15:00+00:00,172,2595,,,,,,,,,,,,,,,,,,,,,
2025-07-18 04:30:00+00:00,173,2610,,,,,,,,,,,,,,,,,,,,,
2025-07-18 04:45:00+00:00,174,2625,,,,,,,,,,,,,,,,,,,,,
2025-07-18 05:00:00+00:00,175,2640,8.731654356378588,13.892829499628485,21.277081543598527,25.979323213272504,30.81403444642637,34.4783175237439,36.98314023812114,41.22512181840796,45.16545779249778,50.67875531943051,55.74439099278067,59.84430610397041,63.37510149965323,67.81503875637965,76.19101216343329,85.18882714386403,97.63562005492402,109.88170847641483,116.35880978558247,119.29077914006106,54.56686699553833
2025-07-18 05:15:00+00:00,176,2655,64.2867858863321,86.35174173027005,104.06039749287065,125.51247023276981,140.54241240890593,154.6963211457939,165.6630016777494,186.3663488523865,211.49672454455808,237.92998528693533,256.9470828742208,276.07600440360835,298.31704838251966,340.5508413403712,388.0206539185746,453.6732027097434,502.630208542663,591.549682595954,648.8912851198569,624.940154312685,257.8027143568066
2025-07-18 05:30:00+00:00,177,2670,153.77687706121407,183.8605406812265,223.52539217051262,244.12970616781638,291.9494028031219,327.40458374402016,364.71611957332544,446.3742493662892,499.30908924561675,536.6967460905894,586.9817057958049,641.6555973777097,696.7385468192647,812.798739055598,953.7093765577274,1078.9666897885595,1156.621841273532,1380.2997507842263,1541.9261911801893,1479.2471490102198,587.2310291467375
2025-07-18 05:45:00+00:00,178,2685,272.8306636674271,317.51404660222033,353.2507754274657,418.2181675193474,494.2120464144366,581.2763752496793,696.4171009968038,804.2404606161311,933.7411493264989,989.5997715456484,1105.9928442132884,1209.2935619762989,1392.7888521039465,1642.456752455625,1819.9932533569827,2000.9118881511877,2150.8787798069616,2406.5995738459897,2591.011103516571,2576.5423267773294,1061.2531272689648
2025-07-18 06:00:00+00:00,179,2700,401.2376617526878,456.26845725925875,530.5225545724932,639.7496658712092,707.6205215795948,832.9090465075689,1034.3938504511173,1211.460938887172,1394.3651757857913,1508.0549761808356,1682.7654740244902,1958.2266881689643,2309.263019503613,2558.930789856067,2815.021247253582,2951.7622304729293,3118.9073300048444,3610.9732520622156,3824.7901772991654,3821.172567133126,1601.487402152276
2025-07-18 06:15:00+00:00,180,2715,519.7481643325742,621.1795590572773,728.5303938411289,922.6854394694869,1175.696500648395,1455.224275221402,1780.9450687227986,1947.873820528408,2235.006060490007,2561.530599938307,3039.945213270166,3336.6594544546488,3772.466202461645,3966.5881246521144,4126.091526733816,4395.575620335146,4918.816052100512,5160.389587620093,5389.976952356008,5173.113756447617,2444.4687074036033
2025-07-18 06:30:00+00:00,181,2730,492.82675825557953,842.2871848730887,1197.8565438216158,1439.2021208669737,1699.1663473560927,1881.4423104868401,2185.985399587309,2379.9365202066415,2699.310676757687,3409.5439962724718,4099.8904447174355,4500.19963579251,5010.025001862332,5222.395876390949,5655.217567062533,6092.201296885011,6356.398946500926,6640.652558397658,6996.946361443937,6576.787745983786,3341.4047747110517
2025-07-18 06:45:00+00:00,182,2745,903.9873005856712,1363.3433210126993,1492.080584921113,1707.8943453603058,2061.6882597107865,2518.6348208020295,2789.9287879743474,3209.2644089736555,3759.9221746978733,4465.604840362821,5371.115734930726,5831.140893405525,6117.001570526493,6612.957947591841,7134.245888671461,7513.960566572219,7808.8750187725145,8222.046858403075,9047.720471237253,8014.523524733258,4282.129770646584
2025-07-18 07:00:00+00:00,183,2760,1019.6657276769905,1585.7838021361958,1743.8037136240266,2075.164132323395,2452.4441739125596,2982.057301268895,3489.503814294748,3988.665609278815,4933.009234611547,5575.2173384298085,6409.1226611882485,6962.3988799613435,7334.404570415079,7954.906483809501,8529.606003280496,9117.451610927841,9435.510051064657,9953.457735328737,10554.742170719197,9411.466126885694,5137.190248193247
2025-07-18 07:15:00+00:00,184,2775,1389.8057199627738,1887.228004245384,2107.950810564638,2443.128843117586,2859.734540020404,3507.1272399516965,4353.498942798711,5468.8208776773345,6078.273547193433,7170.628006377128,7672.701402089009,8246.407496356032,8874.157885013115,9346.453997363917,9999.249022121536,10548.674016582796,10881.555268528831,11337.446820232111,11786.06740454036,10757.560727965516,6133.241636654197
2025-07-18 07:30:00+00:00,185,2790,1548.527824058174,2065.157546909337,2401.8781649280986,2808.395579804942,3558.288741845792,4361.802035839456,4956.5506161417225,6569.29587380886,7645.799181269597,8135.3333801125,8881.868782333599,9570.163296770059,10125.986012489759,10814.144527952543,11540.581633060585,11915.303481775905,12177.32797197717,12703.584409747084,13040.419272090985,12031.084821846556,7069.196814897433
2025-07-18 07:45:00+00:00,186,2805,1819.7099018588208,2206.186619153259,2696.627381563158,3352.7114396083857,4145.7194645402315,4877.253799408335,6582.728850460805,7429.354449498201,8561.514270376862,9115.649370959645,10305.577204908159,10757.677444597159,11505.263014415017,12471.173225265393,12840.357540273302,13165.525256562023,13424.712044385516,13836.390273370313,13998.000000000002,13313.271580200482,8349.670278764497
2025-07-18 08:00:00+00:00,187,2820,1905.4271413700728,2306.6530480815054,2930.4428901767164,4033.1228150586794,4473.981027791932,5543.446946792999,7470.393164595431,8642.432257799297,9223.84011615745,9943.818463962545,11003.42371511258,11711.820820406583,12781.90785736573,13285.43788500919,13517.876585442224,13734.563872517161,13998.000000000002,13998.000000000002,13998.000000000002,13990.600571530635,9011.693665080214
2025-07-18 08:15:00+00:00,188,2835,2212.2457209096174,2621.7327803374374,3432.159084068143,4299.1257922450095,5179.256904500398,7048.865084136584,7796.4929789624275,8902.274674931428,9543.074974297204,10731.151694853506,11347.297636688056,11999.401349030393,13000.511937942778,13364.75021582258,13563.610112542821,13689.966359934524,13886.529617633827,13998.000000000002,13998.000000000002,13998.000000000002,9383.810098001608
2025-07-18 08:30:00+00:00,189,2850,2409.6233981893656,3222.698059180727,3950.634985624745,5216.480095670092,5808.879812293309,7623.127719551183,8358.752806387958,9319.255262831608,10219.557220132163,11142.178956514243,11556.37750972737,12265.304289620812,13274.431504858185,13542.787314801471,13703.151300448078,13838.762162459834,13998.000000000002,13998.000000000002,13998.000000000002,13998.000000000002,9788.296080776121
2025-07-18 08:45:00+00:00,190,2865,2605.1484254031375,3424.56360756972,4144.549888105753,5523.502569122631,6158.563518227246,7831.488466004587,8437.812468812821,9341.945087460648,10292.261416528496,11283.326533175492,11655.263267300454,12202.483942580791,13248.701598579972,13549.073915097271,13706.015688536505,13822.655925336441,13958.8066627693,13998.000000000002,13998.000000000002,13998.000000000002,9960.647961307617
2025-07-18 09:00:00+00:00,191,2880,2776.2849182781447,3654.5225063263174,4801.597944019047,5831.25460338921,7553.922080472006,8186.4681979100105,9170.576358276865,9800.85163951756,11043.303641496224,11456.763118109806,11886.768707374868,12567.091827793629,13343.78876265307,13572.217959441374,13719.19094373991,13846.062491515855,13998.000000000002,13998.000000000002,13998.000000000002,13998.000000000002,10175.237876702302
