horizon,horizon_num,horizon_minutes,p_05,p_10,p_15,p_20,p_25,p_30,p_35,p_40,p_45,p_50,p_55,p_60,p_65,p_70,p_75,p_80,p_85,p_90,p_95,clear_sky,deterministic
2025-08-07 08:30:00+00:00,0,15,11008.171241915405,11370.541343740104,11516.477165855371,11648.973049933238,11772.441529613941,11888.873081751275,12168.331315933796,12294.157841910823,12428.371229689887,12557.706280320856,12641.822584750804,12735.070324359827,12862.532845459385,12917.785017403603,12965.059463542959,13011.966570032671,13063.459869132643,13120.923217682903,13177.812078472629,13605.807052440465,12347.97369315496
2025-08-07 08:45:00+00:00,1,30,11621.276128171989,11926.537464436547,12241.840993725138,12456.815556387832,12571.646488526581,12645.947833125767,12727.179976099595,12824.33291099904,12946.97701141244,13057.837293467544,13125.511239328784,13192.443563326138,13259.931095171141,13326.586646956022,13379.582104904022,13427.151536393972,13474.284580862584,13548.764840591502,13569.066185652759,13608.067255705064,12819.12950350666
2025-08-07 09:00:00+00:00,2,45,11951.2573710161,12295.359101144124,12484.211791221955,12609.226554108032,12707.806543136245,12794.628787988288,12879.670131119528,12985.12180043931,13102.646600601052,13221.832941981978,13298.305974071323,13369.822867508336,13426.421116593945,13482.429062456064,13529.335329819918,13568.762323974486,13607.892221560005,13566.553379956109,13667.61294336848,13740.78341417342,12952.705959916553
2025-08-07 09:15:00+00:00,3,60,12226.163839599887,12500.843968309735,12709.415844111785,12826.22765316017,12890.457297476833,12954.043209220963,13036.898467262501,13128.018350607188,13276.496645392037,13390.797714828821,13463.327222039248,13449.557039891562,13495.04627997275,13531.860134425862,13568.382505661406,13604.615522833465,13651.415934790546,13700.576829003285,13749.198439387197,13784.207246737305,13142.348958788347
2025-08-07 09:30:00+00:00,4,75,10698.58467856729,12336.927158623856,12604.745878988198,12729.426305001985,12790.86923363686,12851.737717487942,12931.337099673077,13015.745760461761,13118.037246859918,13292.638241382308,13357.675338388728,13337.906581297706,13380.55482023105,13422.834565135696,13465.847591156911,13511.841163590247,13557.39665637867,13617.954590297077,13702.156310719101,13741.647666848025,12941.351060031895
2025-08-07 09:45:00+00:00,5,90,10841.262607478282,12454.535819210341,12678.061185698967,12738.926974920361,12799.245215801408,12867.097001326923,12935.220874330935,13008.049685690798,13103.048112413535,13179.87415831859,13256.63695759096,13307.301372504908,13355.52418079844,13402.541209659013,13446.68440256688,13490.450713881093,13537.49180933848,13590.874995387956,13649.039000685216,13693.538735215829,12896.509078387737
2025-08-07 10:00:00+00:00,6,105,10916.574473132197,12465.98357407716,12619.73549642511,12699.905863283768,12758.552934970778,12817.0344069195,12876.01697144713,12934.495844446446,12992.041986929029,13091.340309728554,13173.587592588166,13241.500622180389,13292.820894476461,13329.325553209754,13365.592825844255,13401.625485319031,13449.075160884648,13496.57775743241,13590.898075498997,13555.625083442746,12814.43180171304
2025-08-07 10:15:00+00:00,7,120,10878.599381734923,12399.645304053452,12536.469091831112,12590.352880906932,12648.703422180679,12740.37146539395,12807.141633276953,12864.409448404458,12965.86100387051,13034.724790796416,13101.390374050106,13163.39692334791,13219.48633311732,13260.301096968476,13300.85148987454,13341.683731415973,13383.688910372372,13425.415046766546,13525.166234252221,13515.341813459876,12813.023040135911
2025-08-07 10:30:00+00:00,8,135,10800.480662629794,12260.041036861965,12394.432164677733,12449.371427607459,12503.943921812439,12585.361967929613,12674.414931368156,12696.934034797865,12877.258321509176,12955.934589664575,13004.17302845693,13036.164512683557,13068.011083975247,13099.714670813086,13147.92697276489,13201.994469137326,13256.022234925578,13310.077018310274,13445.13440077571,13398.10312009452,12632.244063138887
2025-08-07 10:45:00+00:00,9,150,10554.39425670461,12011.968104306778,12249.77277765001,12337.797469230343,12398.723521190284,12458.085348108303,12513.429702152795,12521.942038117668,12685.75271621235,12766.919603146845,12829.972502323186,12867.816274275188,12905.481614290477,12942.971578193097,13011.334583081625,13084.785858509498,13132.03377870969,13179.017255675915,13416.255686622864,13294.984799875248,12530.779341003681
2025-08-07 11:00:00+00:00,10,165,9795.44316853327,11657.19244763763,11988.913272067533,12078.300153713555,12132.27943290045,12187.332701624495,12247.77308154594,12270.79598483048,12373.942539714684,12516.118844442213,12587.237884302083,12648.168930530277,12693.029690806095,12733.394656403436,12773.587124577469,12817.221544974991,12862.764520652816,12908.094830027858,13235.78118426104,13081.41984111138,12192.601049468096
2025-08-07 11:15:00+00:00,11,180,9573.006923676769,11535.359888989116,11849.86002599307,11923.85675165381,11988.444203287518,12046.229175247321,12103.604333485513,12131.668275276817,12228.739855359592,12352.25232012714,12427.035831302112,12464.588359468891,12502.007796534586,12539.296508105579,12595.087517848107,12651.37608752776,12702.490571834893,12752.436026838439,12902.613980132715,12961.652606172014,12098.63389654659
2025-08-07 11:30:00+00:00,12,195,9100.273432405078,11413.581555384677,11768.816042862818,11854.69285129391,11915.78275387394,11967.622481955694,12019.637946947727,12051.912178709917,12113.936482462059,12212.44237948627,12338.80896974399,12382.003813893652,12425.047896774338,12466.34756080723,12506.109782012465,12545.748432967934,12593.479179269783,12645.595807991313,12881.207199427783,12896.703370182762,11975.308572188267
2025-08-07 11:45:00+00:00,13,210,9855.875713393552,11510.774048056586,11764.585487244025,11841.389421231317,11905.269101691796,11963.670019255922,12020.636660930968,12063.418735553087,12116.338216692884,12179.095875602996,12308.51910655286,12362.151190189525,12415.58249676387,12457.644879753547,12498.657529876626,12539.555478210363,12587.286492921561,12636.09504077054,12758.609825108975,12921.662969540814,11990.958851398666
2025-08-07 12:00:00+00:00,14,225,9528.932750478582,11297.957143499825,11601.338407377021,11696.364156103991,11772.015495770089,11827.255157848484,11882.315923261967,11926.8968087625,11966.257947544225,12019.59883064305,12145.019141642726,12200.0450474051,12254.563101323794,12301.065691756523,12347.433963661942,12399.061740601144,12458.188142231347,12545.779642473111,12896.576444993954,12824.46252510816,11836.546452002647
2025-08-07 12:15:00+00:00,15,240,8875.626318185197,11201.672242257917,11801.57269059703,11890.540192304006,11961.715921039548,12022.261381722972,12069.29137454401,12110.894828027986,12152.397442545409,12228.53240703457,12336.844071571988,12427.026621044917,12475.253974304984,12524.57494246262,12584.641929344798,12642.655250816293,12690.572203794947,12738.348876358394,12862.849609075121,12929.829588034401,11962.520153485162
2025-08-07 12:30:00+00:00,16,255,9012.295327504156,11365.846124738733,11783.04300819878,11872.437651834203,11935.238574215382,11984.035638731679,12018.998700775477,12062.763894977807,12110.332176953632,12157.842359751085,12304.301725519646,12363.389182377741,12421.850693051412,12467.00518049069,12512.025932287983,12559.73992998098,12611.021920642756,12666.831198584909,12746.183470009715,12891.128750156426,11963.091563839153
2025-08-07 12:45:00+00:00,17,270,10268.2024068663,11768.95864060209,11902.05969191223,11948.943019896113,11995.669232962957,12038.78351115035,12064.056299566253,12106.501703297834,12170.35648750177,12246.35812614724,12368.226060792096,12407.616989407557,12446.889541404533,12492.252472994283,12544.73071758761,12594.800819434045,12637.057229821106,12679.184355504955,12909.482294141513,12932.982605856325,12030.552047179359
2025-08-07 13:00:00+00:00,18,285,10557.306527806695,11917.006613429261,12028.603978280755,12074.036941285947,12119.30125236587,12160.609476943644,12201.089967995596,12215.790257801453,12275.579857179142,12338.489930652979,12461.989421209557,12507.561615597151,12550.383088891695,12598.1077155267,12669.743565664498,12726.308273871897,12768.933684221221,12811.407696605753,13179.897838232693,13074.792531397432,12167.488845143409
2025-08-07 13:15:00+00:00,19,300,10576.990670749374,11820.351741360098,11987.846857571682,12054.304022400456,12101.353351695037,12147.84098148921,12191.523502633918,12235.029870737806,12250.308225268385,12314.874076778702,12397.610145957942,12487.565491015137,12529.417095958865,12571.084855795936,12634.007305188548,12721.249587650163,12768.083052046244,12814.700770725514,13204.369864238715,13082.095109086053,12238.389570298625
2025-08-07 13:30:00+00:00,20,315,10519.295218377549,11824.519518244162,12092.483894477815,12174.83680318942,12224.003398879535,12273.242116776893,12324.595628952631,12375.67310783908,12441.023013705886,12470.051799177192,12582.599138288033,12637.339017890808,12683.415898021905,12731.878473096047,12790.282114594645,12846.601344678616,12890.768038144952,12934.709323018344,13311.651620327972,13247.53797070252,12393.776342922965
2025-08-07 13:45:00+00:00,21,330,11220.987357533952,12007.391179876391,12173.889440454883,12248.093370766725,12291.947142244624,12335.574455779437,12386.328221931168,12440.302023861024,12497.908764937525,12563.377311098478,12593.318830551945,12686.685213133413,12732.237799865406,12777.501911690064,12838.84811294978,12919.661663912879,12971.678547238998,13021.057987973329,13411.265446602487,13351.045107571628,12383.561833931086
2025-08-07 14:00:00+00:00,22,345,11816.895262804883,12020.949142144269,12150.708905395579,12224.627928516757,12262.305953870014,12299.800289962921,12337.112174573558,12382.82644954581,12428.519439025831,12477.605873518158,12546.37887939316,12625.144817732245,12667.604844194217,12736.596761546118,12813.179112285463,12915.240304531606,12971.515860719717,13027.306303405147,13433.353690189095,13338.056776802077,12490.174458258449
2025-08-07 14:15:00+00:00,23,360,9661.544802156268,11675.804423802787,12315.076506978941,12472.673257845658,12592.743727984709,12663.881857911478,12727.949202528413,12784.440107835318,12772.80812876695,12843.369882791945,12933.954202327157,13027.328013560249,13107.853437167423,13176.578232202042,13249.873708393177,13325.024797857315,13373.459635427162,13421.388183650928,13591.02336992971,13471.623316174051,12671.648314859287
2025-08-07 14:30:00+00:00,24,375,9406.716594618587,11335.463546877709,12319.13220697478,12448.689662825946,12609.044235085265,12732.430534998979,12802.784127670362,12871.14919222028,12929.763757075436,12987.567787988146,13004.0029548536,13108.762019375812,13207.60062961266,13298.024808618251,13379.487084872355,13453.02705107924,13508.976952596726,13559.514843305022,13704.378040920434,13614.897261737558,12729.546763302209
2025-08-07 14:45:00+00:00,25,390,8485.557290873247,11317.625693670047,12204.324117862312,12401.274690744125,12559.902228999597,12696.751681509151,12789.007547907438,12862.29828683216,12926.169886919019,12986.054981341567,13063.490256337302,13090.908563872115,13189.201730533472,13287.26177091147,13378.658005268913,13454.267834239481,13518.042608355428,13571.641270341182,13669.076350818723,13641.624045596911,12689.039313882799
2025-08-07 15:00:00+00:00,26,405,8322.806911395446,11340.603177155928,12090.546786367713,12354.162972977376,12490.363106908373,12641.439545528863,12762.172116881045,12846.505158181224,12920.420133215173,12984.228891098594,13061.537331799129,13180.509510628242,13272.501156507902,13292.217591527338,13390.085485010719,13476.415932181399,13546.20637555582,13605.363373651478,13759.184800341736,13673.572872152507,12672.107446571026
2025-08-07 15:15:00+00:00,27,420,9080.657381838348,11435.509412606843,12154.40399671233,12380.013726134055,12515.102919427824,12670.083727847721,12813.868841859334,12904.018220189226,12982.462445157049,13047.431640270855,13122.520965546773,13251.811026326146,13325.256599942855,13402.290612522906,13432.57892105232,13514.777505076805,13590.139190061647,13663.587716736303,13766.079359919715,13685.820719812067,12741.217075759045
2025-08-07 15:30:00+00:00,28,435,8117.2262417802685,11306.474403852224,11759.61569132236,12292.894903500479,12483.486581813775,12629.950645693707,12788.64336577923,12925.923322520706,13030.061372656437,13095.562926143626,13160.314399681141,13279.636060826737,13381.351039051486,13468.168205562266,13502.285684673585,13594.435397537822,13675.894296207369,13762.359694812107,13907.684068780369,13713.407399692509,12723.579631276305
2025-08-07 15:45:00+00:00,29,450,8795.077845538655,11204.162680993952,11569.875140292941,11895.852466551836,12333.811484465521,12506.988837530442,12681.309822042671,12841.149360845548,12963.111464551048,13032.635086222039,13101.32279141309,13216.876261483409,13331.41722558052,13424.814579428705,13544.92509838902,13558.70611635536,13648.650812027066,13733.452644555067,13883.73233359285,13626.79313937971,12658.294741337402
2025-08-07 16:00:00+00:00,30,465,7719.901733566089,10743.596838702724,11277.971089991279,11580.298600875925,12077.72303310042,12242.908974565897,12404.7106639347,12590.611737128773,12738.768847179259,12849.85057820668,12932.79285930893,13040.772085274419,13181.928572168772,13289.4771461744,13402.82917869592,13511.422715484621,13612.72327127409,13631.673026863415,13805.936406044404,13564.118809807076,12420.254228080625
2025-08-07 16:15:00+00:00,31,480,6873.953231836726,9639.981919127418,10796.02018488422,11178.590795154098,11537.467829764511,11823.731133406623,12117.029266610007,12296.563646215514,12463.193672266445,12591.21762521574,12687.053648418923,12792.017558537826,12970.607320876905,13093.51170521494,13214.715885193546,13323.061606590909,13418.106363429724,13527.97067265302,13597.190637990125,13381.527072894447,11849.153137126075
2025-08-07 16:30:00+00:00,32,495,7189.017665157632,9047.132569140831,10074.900387913396,10440.65273814122,10729.078404307802,11127.606370048887,11336.099235550695,11505.875805179658,11812.129421542106,11944.15825073259,12058.865333558226,12188.644510776925,12326.06563182759,12470.331540874682,12603.387126215888,12703.902538358578,12825.76038409049,12960.050292487793,13161.877972546506,12787.61784187524,11277.34554914935
2025-08-07 16:45:00+00:00,33,510,5149.802928346649,7398.758840353695,8364.609568166994,9080.81604575109,9377.931961770688,9655.015502064074,9924.485997129683,10098.806027926163,10270.797174370167,10437.446721898143,10559.881335685785,10740.841477370628,10941.400524249948,11058.930574486292,11182.06494718468,11309.347793641997,11437.2321587825,11583.039064217555,11790.667859800744,11594.768395815598,9884.67973499366
2025-08-07 17:00:00+00:00,34,525,4426.140850388706,5968.834544164517,7105.759649443667,7571.5024611791705,7916.784637922854,8434.783041302178,8710.386138054071,8885.058053723787,9021.25570006163,9225.350728413572,9344.950369845597,9482.612826484217,9649.894676592166,9852.414363927823,9979.357248667315,10184.47857565596,10307.868131232608,10428.898194471041,10608.673669441305,10410.986222443255,8723.579691119094
2025-08-07 17:15:00+00:00,35,540,2996.3007504216694,4489.568322171811,5407.569196491622,6158.31513512652,6623.753532896484,6946.123640338397,7374.607098062167,7597.142449859052,7793.317117293669,7922.085461677164,8066.352976974993,8238.47530915154,8378.104618779227,8524.09556560359,8700.86471746338,8882.619891616634,8999.193448561593,9115.605280287962,9277.253752791594,9164.63237053094,7143.529728309726
2025-08-07 17:30:00+00:00,36,555,2166.9152865991896,3058.246021946371,4309.4280137822,4778.0482436300845,5314.428204810798,5713.86072623251,5966.62403414241,6155.364839812604,6483.351619802187,6627.432548440712,6815.571738698623,6918.61288595844,7051.908177990627,7208.741885502322,7324.583878464307,7467.930159137963,7570.151342722813,7689.650760062425,7914.053892094254,7790.86907221191,5910.400814114074
2025-08-07 17:45:00+00:00,37,570,1749.4740793253566,2331.7517550084967,3305.1708946173108,3672.2884388793245,4012.9251962618905,4393.4450389039675,4601.5573715311975,4775.306202125879,4944.6097058960795,5077.221623284783,5209.116357100431,5486.478835257877,5592.75068710417,5717.442635533016,5863.066686698415,5985.74582820673,6126.081643544608,6259.141046200951,6440.143382292279,6385.320404136966,4680.1153531702985
2025-08-07 18:00:00+00:00,38,585,1238.9587914002766,1453.580559682652,1861.7742439375904,2446.706836693658,2804.4498833400808,3078.4842837442757,3254.127931867679,3377.8744426216085,3636.370942031521,3777.770007845111,3946.766041077869,4035.173510178224,4153.072448442699,4239.210893056091,4447.840600170866,4554.266172982564,4687.276410924332,4822.853945147116,4991.11284724469,5004.048783229263,3307.337951793412
2025-08-07 18:15:00+00:00,39,600,673.0864545172941,970.9645171599243,1117.5773944905472,1397.848585368277,1776.905871534872,2008.600413031225,2167.46157176568,2306.0308175768087,2429.5535911160573,2534.063160943227,2745.6655800401622,2879.942993517226,2946.3571626964986,3051.494713106251,3111.2135362109148,3181.8852552102762,3278.1509801732877,3443.643944455188,3595.149140484092,3658.301049962041,2259.9447233865917
2025-08-07 18:30:00+00:00,40,615,362.91908283764394,538.9182057593854,668.1347371342506,727.0607690485056,919.5335316196506,1217.0962563613282,1300.9083717543876,1419.8560325188673,1524.8683567600058,1621.4025232712936,1742.1414424761524,1939.3894126445123,1992.320211810475,2042.3733991458353,2087.2386261487277,2159.9104826462453,2241.1730855424917,2300.86920558162,2591.528048878735,2422.7161894088754,1448.3211941920674
2025-08-07 18:45:00+00:00,41,630,69.79337335431663,213.8053651341793,358.45482619849975,390.42047800462024,418.84936062321543,476.6149000750512,671.0589090698234,715.4757849469587,762.6354058152622,807.7972899853087,876.9855496105527,908.508780766362,1004.3188458798534,1063.1040214089137,1149.7859603064023,1180.647815078259,1257.5482228832543,1336.6683186616592,1495.6562694758022,1340.5778263599288,713.7520165207974
2025-08-07 19:00:00+00:00,42,645,18.420648558200607,56.85827904581833,95.21202520681544,107.38723752641843,147.3162159849752,164.79483662045124,190.93569771753613,255.64837523826785,276.5384216053079,288.6681207557893,298.2845212015708,327.0084720246572,360.2535934744628,389.1857400640302,401.3610668374111,411.728472481142,429.19781677843173,497.2311031639823,521.7638068973533,498.5242646283007,252.31834074865566
2025-08-07 19:15:00+00:00,43,660,,,,,,,,,,,,,,,,,,,,71.2727515056454,
2025-08-07 19:30:00+00:00,44,675,,,,,,,,,,,,,,,,,,,,,
2025-08-07 19:45:00+00:00,45,690,,,,,,,,,,,,,,,,,,,,,
2025-08-07 20:00:00+00:00,46,705,,,,,,,,,,,,,,,,,,,,,
2025-08-07 20:15:00+00:00,47,720,,,,,,,,,,,,,,,,,,,,,
2025-08-07 20:30:00+00:00,48,735,,,,,,,,,,,,,,,,,,,,,
2025-08-07 20:45:00+00:00,49,750,,,,,,,,,,,,,,,,,,,,,
2025-08-07 21:00:00+00:00,50,765,,,,,,,,,,,,,,,,,,,,,
2025-08-07 21:15:00+00:00,51,780,,,,,,,,,,,,,,,,,,,,,
2025-08-07 21:30:00+00:00,52,795,,,,,,,,,,,,,,,,,,,,,
2025-08-07 21:45:00+00:00,53,810,,,,,,,,,,,,,,,,,,,,,
2025-08-07 22:00:00+00:00,54,825,,,,,,,,,,,,,,,,,,,,,
2025-08-07 22:15:00+00:00,55,840,,,,,,,,,,,,,,,,,,,,,
2025-08-07 22:30:00+00:00,56,855,,,,,,,,,,,,,,,,,,,,,
2025-08-07 22:45:00+00:00,57,870,,,,,,,,,,,,,,,,,,,,,
2025-08-07 23:00:00+00:00,58,885,,,,,,,,,,,,,,,,,,,,,
2025-08-07 23:15:00+00:00,59,900,,,,,,,,,,,,,,,,,,,,,
2025-08-07 23:30:00+00:00,60,915,,,,,,,,,,,,,,,,,,,,,
2025-08-07 23:45:00+00:00,61,930,,,,,,,,,,,,,,,,,,,,,
2025-08-08 00:00:00+00:00,62,945,,,,,,,,,,,,,,,,,,,,,
2025-08-08 00:15:00+00:00,63,960,,,,,,,,,,,,,,,,,,,,,
2025-08-08 00:30:00+00:00,64,975,,,,,,,,,,,,,,,,,,,,,
2025-08-08 00:45:00+00:00,65,990,,,,,,,,,,,,,,,,,,,,,
2025-08-08 01:00:00+00:00,66,1005,,,,,,,,,,,,,,,,,,,,,
2025-08-08 01:15:00+00:00,67,1020,,,,,,,,,,,,,,,,,,,,,
2025-08-08 01:30:00+00:00,68,1035,,,,,,,,,,,,,,,,,,,,,
2025-08-08 01:45:00+00:00,69,1050,,,,,,,,,,,,,,,,,,,,,
2025-08-08 02:00:00+00:00,70,1065,,,,,,,,,,,,,,,,,,,,,
2025-08-08 02:15:00+00:00,71,1080,,,,,,,,,,,,,,,,,,,,,
2025-08-08 02:30:00+00:00,72,1095,,,,,,,,,,,,,,,,,,,,,
2025-08-08 02:45:00+00:00,73,1110,,,,,,,,,,,,,,,,,,,,,
2025-08-08 03:00:00+00:00,74,1125,,,,,,,,,,,,,,,,,,,,,
2025-08-08 03:15:00+00:00,75,1140,,,,,,,,,,,,,,,,,,,,,
2025-08-08 03:30:00+00:00,76,1155,,,,,,,,,,,,,,,,,,,,,
2025-08-08 03:45:00+00:00,77,1170,,,,,,,,,,,,,,,,,,,,,
2025-08-08 04:00:00+00:00,78,1185,,,,,,,,,,,,,,,,,,,,,
2025-08-08 04:15:00+00:00,79,1200,,,,,,,,,,,,,,,,,,,,,
2025-08-08 04:30:00+00:00,80,1215,,,,,,,,,,,,,,,,,,,,,
2025-08-08 04:45:00+00:00,81,1230,,,,,,,,,,,,,,,,,,,,,
2025-08-08 05:00:00+00:00,82,1245,,,,,,,,,,,,,,,,,,,,,
2025-08-08 05:15:00+00:00,83,1260,0.0,0.29233385697134845,0.8263269864492385,1.65709179237556,2.50458900169447,3.051329747999472,4.791625487317035,5.75257979543833,6.935640279643138,8.294203259929658,10.014915206172663,11.110558481577524,13.74269974080276,15.268373861078654,16.74074526695943,18.996344598380784,22.121653042630193,24.558178941994914,28.929432066604146,35.802069704480104,9.786659738239534
2025-08-08 05:30:00+00:00,84,1275,24.737962204962642,44.95489206027204,60.53782186011441,66.68358304313783,71.5465972821567,89.81280345938238,103.7668388601907,112.16687955904338,128.74329091423198,145.98591321553727,154.05726170978423,164.88060386889416,192.66708949122028,213.87134577449828,238.545712568759,261.2102348380885,285.2441030402063,308.5532515176937,339.4622896220147,354.588179988155,153.7486544326467
2025-08-08 05:45:00+00:00,85,1290,170.74379891758423,199.45402657073504,251.9410798865955,313.3653894859856,367.64246322389977,391.9138331989441,445.087354187646,513.2920360637405,553.5913256302475,624.849595168214,698.0072712207123,803.693799077728,885.9163130234834,935.4162643208267,982.2629022529119,1059.1280216871316,1128.3944211526523,1241.2062770773439,1457.0932837689318,1195.7305318135143,626.8972490725399
2025-08-08 06:00:00+00:00,86,1305,449.41495040940873,603.5877263408855,746.5197365632296,965.9793695701417,1196.0548553006777,1373.786376451597,1493.5193614852774,1574.5988320914569,1618.1188314752253,1686.5683139133153,1784.1312083835949,1847.0227714440157,1891.0660998854123,1931.1156145417904,1974.064413743718,2025.7801343740034,2066.2776608300387,2123.1973283980637,2381.0800894429426,2244.7360503433756,1497.34402449461
2025-08-08 06:15:00+00:00,87,1320,821.7407110681228,1137.7573105092026,1784.1863709702252,2103.9799443171505,2310.1773607605887,2424.6830157112313,2483.918686912612,2689.392030455311,2785.819478015835,2863.8738304101726,2923.8241458215343,2980.44270935759,3036.1153657137766,3096.4961936013597,3146.8560510144125,3199.5263932203266,3255.764687969217,3369.110880490785,3761.734098537523,3543.2690254761665,2516.084579502466
2025-08-08 06:30:00+00:00,88,1335,1618.7529554013222,2253.633694037229,3000.1123874282393,3290.7001502455887,3546.8294963199005,3672.9385616513355,3814.209987950257,3967.9119555594502,4034.827742231061,4111.158307609218,4194.3605337980025,4276.425638949407,4425.393368096115,4490.896827303601,4555.121649298126,4612.4801397697765,4669.005498090077,4744.668772852764,5019.228590685173,4908.154703689333,3827.911840061787
2025-08-08 06:45:00+00:00,89,1350,2641.1367888387117,3408.7416255159565,3919.818783011594,4457.35382849942,4713.255472190832,4921.297774483968,5077.926792371199,5170.139864988952,5241.659328379291,5446.743491675088,5567.919827558627,5681.940564743246,5774.925414859175,5844.583618577839,5914.729561073878,5996.202615787678,6078.13064636873,6160.889820347618,6803.840386393002,6335.985586042258,5078.153498275981
2025-08-08 07:00:00+00:00,90,1365,3266.724923097439,4337.431031195234,4787.575483372299,5530.180515734443,5803.849732926877,6038.463284762643,6264.255938630753,6557.635032979664,6693.011455754455,6850.261947931287,6980.652519352833,7080.8134121062185,7149.130737827274,7215.31378397493,7297.208058909122,7401.581262402084,7477.284280846807,7546.193659484484,8248.036124632763,7789.68594893304,6480.165005208437
2025-08-08 07:15:00+00:00,91,1380,3893.2591712569742,5024.5728028988215,6113.606105802049,6827.814593020077,7187.425063641311,7508.408974614738,7706.071975419768,7940.88843772397,8151.141928152956,8272.093363597567,8383.329900490935,8481.227993334393,8569.284948651773,8641.469965993883,8713.494987819871,8796.793160382125,8935.972129877793,9057.804441572544,9378.001229838426,9203.53548780536,7777.4427099966715
2025-08-08 07:30:00+00:00,92,1395,4502.0537840691095,6724.034531051672,8030.71868913452,8544.887808285679,8696.241128144195,8864.399799925275,9090.65766497343,9307.2584035086,9559.28191847065,9639.763571424797,9719.982513937253,9804.925715960224,9960.13986204375,10052.872629874704,10123.49444318351,10193.668423791722,10263.379477860128,10394.561119035372,10884.746155549548,10536.053963697703,9146.94695218624
2025-08-08 07:45:00+00:00,93,1410,5083.445377108648,7037.939658777481,9348.777366918643,9558.024194762273,9725.849641170065,9903.20154338589,10109.649333799283,10341.190737953948,10531.128882549481,10687.943228398946,10800.427778598953,10976.582664871878,11070.238763403739,11143.96404186209,11217.13278424185,11289.730838484162,11380.981103873462,11477.747454415694,11668.538948823976,11777.461768856694,10291.53730915575
2025-08-08 08:00:00+00:00,94,1425,5587.806096401117,8176.865546486265,10342.936283128045,10498.174725207711,10736.727293100068,10861.914689525383,11037.057012674146,11282.751240506002,11487.642549314693,11845.10589641145,11982.342717570913,12109.401267426721,12220.303688871028,12302.761015724142,12380.524059469899,12443.660589642874,12506.248747284828,12598.36426298428,12754.823848570903,12932.815927707754,11049.09830125986
2025-08-08 08:15:00+00:00,95,1440,5746.159100799906,7249.817819976991,9970.56089425402,11137.388317941659,11406.685387635924,11552.009630983082,11675.931934605256,11860.19914308926,12217.829780168466,12443.978664931048,12734.16921870164,12896.154698516022,12993.575928441624,13064.383652477904,13132.31482943534,13195.153075553948,13253.692970111844,13311.635051223722,13435.3702654392,13543.307409002311,11479.858239997948
2025-08-08 08:30:00+00:00,96,1455,5712.169606853336,7914.012303413211,11173.344048096566,11788.75249258596,11957.685296023827,12260.747296135298,12444.529104364157,12556.402215441896,12672.610950017457,12823.467789153425,13015.563872238228,13135.068928547924,13237.425548465095,13313.820998933963,13389.12837338802,13452.108095709145,13510.684654652241,13568.574932077328,13652.44483209903,13585.001330052199,12200.635798074238
2025-08-08 08:45:00+00:00,97,1470,5027.990691433533,7943.616313633192,10930.323628330869,12147.220102857547,12309.49081673971,12497.075387284756,12632.161267885152,12737.420954083682,12815.628805582684,12906.346287279903,13106.057256288119,13252.449445457454,13346.546883208439,13430.644140797263,13492.808015066697,13554.211227003585,13616.896708487891,13599.803172716043,13703.92073174691,13587.485079304211,12189.996763766916
2025-08-08 09:00:00+00:00,98,1485,5114.89185943932,8324.67949765557,11851.77896866065,12401.934128719246,12567.74846598119,12736.339346486338,12853.470953804055,12929.592389694413,13008.192955292549,13110.292295485118,13241.710242360137,13383.845770346516,13488.309852634142,13568.722548864604,13554.414787804388,13620.072682781434,13678.239706219736,13732.300920094078,13803.95757763536,13720.30594566557,12413.738720707386
2025-08-08 09:15:00+00:00,99,1500,5485.211011244109,9203.166586361054,11654.93052924348,12501.961616640017,12703.68428241703,12850.16649147448,12945.175178544621,13019.508842676965,13097.676363994466,13178.841805745791,13360.997909130689,13444.448698104294,13442.81616635649,13508.991154232368,13574.231037999489,13636.468278189752,13697.803090838504,13771.507716164686,13852.010972647467,13763.458837388473,12517.076604203752
2025-08-08 09:30:00+00:00,100,1515,5679.776608180893,9438.14154136165,12362.122957989084,12607.146034878713,12755.70942938634,12822.11668691543,12887.844889919812,12965.633000768621,13052.562230500558,13193.444248321694,13307.084168585961,13321.656024547587,13376.932473057705,13429.345151923322,13481.195370814417,13533.955358060297,13586.324689361147,13638.116936630235,13755.843905438269,13720.364395206527,12639.29606240627
2025-08-08 09:45:00+00:00,101,1530,6018.157234117499,9464.261532518594,12352.29812244658,12611.149243671018,12694.385239953313,12766.979217641405,12840.749091878579,12914.546765174919,13024.831580502223,13158.823450370217,13208.305176921323,13308.096643391136,13366.57691535171,13407.847318348558,13448.788307277804,13489.729388458467,13535.790576069941,13581.43610875022,13626.671059714092,13671.434638661602,12641.909186615805
2025-08-08 10:00:00+00:00,102,1545,6037.14342116755,9586.641403436735,12174.365030515164,12466.026449760437,12561.914873827434,12624.752904980707,12692.307845194435,12763.075481780024,12866.25212842938,12972.471471060568,13087.201387149827,13141.88604990658,13177.315593515434,13212.521914882393,13249.053283296178,13306.3938109063,13363.14986918263,13421.46102708877,13479.541441629712,13532.641726722515,12360.326833197934
2025-08-08 10:15:00+00:00,103,1560,6149.63859507736,9611.888602499335,12332.893868574265,12535.053787153063,12603.240533199765,12670.452480907943,12729.769716649784,12788.620064652583,12888.856888219996,12988.743637748517,13062.418749228129,13124.61980761081,13178.810278337889,13226.157094404742,13273.147740247332,13311.804976736596,13347.495426907075,13382.983910974157,13440.868882162038,13491.18901219646,12451.18037611762
2025-08-08 10:30:00+00:00,104,1575,5856.635885048003,9550.596011982127,12122.392586799513,12377.880391579018,12473.221181736875,12576.272244216552,12630.878891195782,12630.258236191134,12805.697416412386,12898.101504399958,12957.044981931693,13015.494082092711,13065.583442707193,13114.843745714106,13155.646289334853,13187.218030510381,13218.651430886504,13249.948045911038,13343.401236891865,13372.869530326005,12309.047917287333
2025-08-08 10:45:00+00:00,105,1590,7045.215468211539,9536.932318151243,11945.38131674817,12300.71912331658,12420.755739267637,12508.397326290897,12513.984564501323,12566.856168150649,12703.035462442242,12792.712201093362,12867.07833576712,12908.98674752656,12950.679256482998,12992.15992088652,13054.013404087511,13121.414822683646,13169.681980211293,13212.529930542454,13255.161746175252,13268.678232820856,12343.745395673885
2025-08-08 11:00:00+00:00,106,1605,7063.358715083676,9299.998713826004,10625.910834558405,12078.639898727646,12189.080903362403,12267.60090077441,12300.720088506823,12390.445826781328,12517.313481326004,12629.579364726515,12684.475340347866,12737.385016794484,12776.753458039788,12815.96071268204,12855.009586605916,12890.04273633622,12924.39207624076,12958.622206638118,13029.878239156027,13054.378041196958,12057.2552892293
2025-08-08 11:15:00+00:00,107,1620,7127.670907240273,9183.759130480388,11579.874296441492,12036.333971538574,12106.453974270873,12195.151369645213,12252.413422625588,12308.259046877924,12426.636025722693,12512.87523031081,12582.953910770486,12636.449094730258,12690.617139881877,12753.551630620674,12809.488005384941,12840.029784218244,12870.491907641865,12900.874951629323,13022.44708467605,12933.872381174082,12003.407742739786
2025-08-08 11:30:00+00:00,108,1635,7367.586009025314,9049.338040960767,11752.337086587775,12021.988942645603,12098.484906279513,12153.967117222921,12207.045448070894,12278.226494980867,12362.233644457414,12464.544285765869,12535.442892395084,12593.213122185876,12635.39574083748,12677.445007280603,12715.025426328859,12750.845715074987,12786.571641775767,12853.839567703477,13045.906458145659,12868.30777941312,11961.9990303084
2025-08-08 11:45:00+00:00,109,1650,7752.963486424151,9635.395398752546,11959.189699436321,12065.459128173425,12133.455348867457,12195.180680417763,12250.10913514587,12307.978229684897,12391.368726947905,12498.822413096988,12579.847615270655,12624.369870319772,12668.760855258248,12715.471264290176,12763.051020326577,12810.665307548274,12860.586018817332,12910.34430780472,13091.924723419372,12892.737563095,12071.050457527806
2025-08-08 12:00:00+00:00,110,1665,7743.696998672996,9546.698503653572,11609.02396185261,11984.32507299021,12060.764007247746,12124.359736323173,12176.886103947685,12232.959207089067,12311.501449608313,12468.390895731236,12523.553130190485,12577.008169092383,12626.49680653137,12674.179311971617,12720.598034905386,12759.902808871919,12799.111009749411,12856.896371137416,13131.950372371273,12795.598763269189,11998.790974588528
2025-08-08 12:15:00+00:00,111,1680,8146.458839221822,9560.048815578884,11732.356926271406,12238.565095300157,12326.015180230223,12371.584910955375,12417.03121868657,12463.417102917227,12514.111482836775,12564.65148179932,12651.174553864194,12736.663635474271,12798.792744354781,12855.841630445653,12906.036141961506,12956.073164609072,13000.045055756193,13043.426639537449,13121.391249371554,12901.566356227977,12180.199571218322
2025-08-08 12:30:00+00:00,112,1695,8295.376851354162,9636.182485220423,11343.651593937799,11794.074798825188,12247.653955482054,12360.498873774099,12408.515743214417,12456.129997438069,12501.390264277852,12546.517286601804,12596.519734098614,12659.102392098333,12731.477444184546,12831.851272474494,12937.945535179673,12990.116019689103,13032.046571986983,13073.860131560861,13187.249052889762,12863.851611677761,12156.460988957268
2025-08-08 12:45:00+00:00,113,1710,9209.602984175475,10415.54891350173,11459.759038408847,11967.657702062406,12378.10455180945,12544.33808357762,12666.554084696105,12767.857956127304,12819.230487690971,12871.826955483857,12937.560606782858,13004.232459452405,13077.212748187269,13173.095311293266,13269.36914406096,13327.51945231027,13391.170110539704,13467.164499317341,13701.148905017251,12906.776143786328,12470.87038357552
2025-08-08 13:00:00+00:00,114,1725,9806.837238340942,10917.552819368726,11827.409769337472,12283.333665136468,12684.660764284918,12836.403251611135,12940.496956812975,13043.709662202491,13138.571454778072,13222.90953301507,13274.475501163468,13325.80692228466,13386.7052277135,13455.03261257409,13548.434730385972,13661.192602275178,13762.193493068733,13826.753473642859,13992.869446265957,13049.660485048102,12896.312893068973
2025-08-08 13:15:00+00:00,115,1740,9942.016143482417,11347.06336972125,11885.92251115481,12459.347675704774,12797.484657712352,12875.443091783021,13035.826020826602,13098.625587655584,13154.192972872348,13239.089114706656,13322.63586292506,13371.644694019973,13420.632455103398,13511.696620917302,13593.378213813572,13656.088806499723,13757.585940945133,13879.98087866988,13998.000000000002,13058.425601706274,12960.684976903447
2025-08-08 13:30:00+00:00,116,1755,10147.663030211532,11834.21732308366,12314.068674744005,12935.440781745905,13003.72035434565,13079.134815788977,13208.923579923925,13251.262312187537,13293.399565603371,13349.523565960882,13438.49440642739,13501.1848037538,13560.222562219064,13640.50943251952,13727.168291177546,13816.167591098287,13917.613480879969,13998.000000000002,13998.000000000002,13225.101463135454,13143.223283285539
2025-08-08 13:45:00+00:00,117,1770,10786.203697769359,12119.798578709047,12567.957562278314,12863.639100368642,13075.256215646341,13179.427520321662,13264.745735914346,13378.630642561506,13438.568410497304,13478.666044696996,13518.541947176209,13578.374043267268,13650.94130677326,13751.727160397726,13838.540314939803,13916.389870836545,13986.09370962187,13998.000000000002,13998.000000000002,13329.938947276212,13280.916693869898
2025-08-08 14:00:00+00:00,118,1785,10811.785266362507,11931.050269671912,12260.594044659918,12682.720831692117,12957.616860906714,13080.970702176704,13178.230433862325,13277.762983927167,13369.613038156722,13413.610683204326,13457.304259218954,13521.316234879536,13616.495528718966,13682.605237444577,13755.607783778803,13847.489405722717,13925.568777542818,13998.000000000002,13998.000000000002,13318.366864331541,13194.386919209279
2025-08-08 14:15:00+00:00,119,1800,9183.77746020193,10535.91753795287,11923.333026235854,12546.802274483198,12881.004051061796,12994.386096249147,13104.17743067625,13209.689595512848,13294.680841273013,13399.798263276647,13505.842029591457,13581.268038089846,13669.555190424517,13764.23802671717,13840.303869288167,13963.02103296571,13998.000000000002,13998.000000000002,13998.000000000002,13452.972885083447,13091.792205099475
2025-08-08 14:30:00+00:00,120,1815,8469.935569097504,9822.811451470507,11933.25731978033,12640.333877713801,13026.367758471164,13146.565703749144,13261.43350575389,13392.152347002686,13473.930086055647,13567.854314737893,13706.293668275086,13784.747322085528,13875.535819571107,13977.742858088848,13998.000000000002,13998.000000000002,13998.000000000002,13998.000000000002,13998.000000000002,13597.064303376043,13211.721296053596
2025-08-08 14:45:00+00:00,121,1830,8954.724346744337,10669.487035395503,12009.86838132701,12794.063202684758,13085.689755360683,13245.954331652949,13374.53471551062,13468.230132875542,13571.960368632634,13682.536532312746,13800.065878978075,13905.977143881162,13998.000000000002,13998.000000000002,13998.000000000002,13998.000000000002,13998.000000000002,13998.000000000002,13998.000000000002,13624.482375110394,13346.315961431657
2025-08-08 15:00:00+00:00,122,1845,8175.194137013699,10406.77025867882,11709.46055119321,12773.20076735451,13094.505026678762,13231.563481392166,13400.717917433187,13507.128774394783,13625.046058789834,13746.666178225767,13861.865101304347,13961.70625290094,13998.000000000002,13998.000000000002,13998.000000000002,13998.000000000002,13998.000000000002,13998.000000000002,13998.000000000002,13656.7661523432,13345.060126419723
2025-08-08 15:15:00+00:00,123,1860,8227.134844190314,9903.19563481215,11504.5425046754,12672.230788171277,13023.843659489046,13338.551066151127,13436.8056143804,13554.623946440222,13669.373112191608,13780.144092275494,13885.770052035163,13998.000000000002,13998.000000000002,13998.000000000002,13998.000000000002,13998.000000000002,13998.000000000002,13998.000000000002,13998.000000000002,13668.949469370442,13376.059587764827
2025-08-08 15:30:00+00:00,124,1875,7530.716786978814,9608.199466943679,11422.164056040168,12760.672060222512,13117.005273228837,13414.10508114213,13503.66027741919,13600.926719474899,13728.610020605542,13858.215011646267,13959.647356262383,13998.000000000002,13998.000000000002,13998.000000000002,13998.000000000002,13998.000000000002,13998.000000000002,13998.000000000002,13998.000000000002,13695.933733629483,13479.991639478667
2025-08-08 15:45:00+00:00,125,1890,7503.686958127968,9557.314967673236,11456.95311859698,12686.897412558086,13046.634505867241,13364.959876675244,13537.38458178116,13624.463843762782,13652.323753630684,13818.36484749811,13929.012686203343,13998.000000000002,13998.000000000002,13998.000000000002,13998.000000000002,13998.000000000002,13998.000000000002,13998.000000000002,13998.000000000002,13608.221647625936,13453.746907645855
2025-08-08 16:00:00+00:00,126,1905,7018.28296764168,9291.198815679549,11145.176378117414,12240.411180568506,12855.453332273646,13070.171343341675,13323.945328632824,13456.002519950265,13556.00233092408,13662.108809934967,13802.192083822481,13970.450268150726,13998.000000000002,13998.000000000002,13998.000000000002,13998.000000000002,13998.000000000002,13998.000000000002,13998.000000000002,13544.556326810749,13287.020246236696
2025-08-08 16:15:00+00:00,127,1920,6238.02759058297,8550.75515409618,9627.432723994787,11453.860820423493,12405.949931719051,12688.232996071913,12987.260399362061,13202.120420802346,13330.25072814572,13518.778482807915,13652.597930536835,13724.123201089522,13886.201909449517,13998.000000000002,13998.000000000002,13998.000000000002,13998.000000000002,13998.000000000002,13998.000000000002,13359.495748217461,12919.95415670223
2025-08-08 16:30:00+00:00,128,1935,5434.5734342996275,7996.29154199195,9298.414138720816,11229.96533741803,11733.720349144116,11935.841878114028,12306.958534690366,12467.310818911576,12599.465832310165,12748.46291400371,12898.395959564763,13082.27579208951,13137.784945317382,13263.55661638595,13383.766880037194,13514.84376234747,13654.85254589975,13900.660020048044,13998.000000000002,12679.623926534576,12198.873025742265
2025-08-08 16:45:00+00:00,129,1950,4843.496615074096,6182.553881551695,7821.346838187321,9540.657472996347,10211.33257719814,10399.30189093707,10750.890893985697,11070.556043966946,11235.434146147674,11408.481003007555,11561.594109761842,11833.440402164666,11961.197971304173,12089.891319088289,12215.916946462441,12276.077029473314,12430.305801183415,12699.95220287401,13078.412092501876,11494.203344185513,10798.89542947493
2025-08-08 17:00:00+00:00,130,1965,3421.8394975630254,4366.896227744568,5968.0160343697235,6970.202588203635,8487.07929689912,8999.477238618938,9173.30242439934,9418.898575781415,9629.95820550501,9944.694901572813,10143.516733236764,10339.629412069744,10602.06219620026,10709.068663554408,10874.316709554561,11015.19878014006,11187.252612786748,11378.334266890495,11783.454886756424,10306.435834869879,9042.185152118298
2025-08-08 17:15:00+00:00,131,1980,2480.5040912860027,3407.987409845558,4405.001308231718,5177.522708342827,5887.226696733149,6921.35900041081,7684.889435807344,7916.620091861462,8117.689640215058,8367.38624568258,8585.194467407086,8893.009526495352,9159.651192166855,9310.671049874805,9450.097285964579,9631.392357412109,9812.298577276659,10077.798138220069,10420.187553405276,9054.92232188623,7512.2580534612025
2025-08-08 17:30:00+00:00,132,1995,1939.7502685612988,2516.8066737254235,3008.883429758721,3783.13382574862,4460.2909988394895,5152.3617476801,6037.458831342311,6513.186284284689,6715.986629610583,6926.007092541235,7112.913980669987,7328.227953127837,7529.362648244039,7786.353988620182,7957.089037514625,8117.750149224951,8289.055218110136,8611.015587192182,9005.582549745997,7677.32952315356,6058.796827836228
2025-08-08 17:45:00+00:00,133,2010,1560.3723567925745,2037.1276197406046,2350.3371804538556,2635.3814119695176,2921.601806735173,3537.1030540334923,3909.9135293507743,4423.8735693954295,4991.5814683705685,5402.951405911542,5644.365787905239,5883.199475628042,6152.77721183356,6397.288433126808,6567.379477487575,6718.674256826577,6941.122867186435,7176.362933500314,7620.681849298538,6272.454941762556,4716.504808527918
2025-08-08 18:00:00+00:00,134,2025,1084.3529012492415,1379.411625068701,1704.916533703437,1901.6157744223767,2158.9620640293506,2595.175579999938,2863.972478759864,3285.0509081265404,3775.8427642805177,4008.945173774995,4237.00435494199,4493.558689950939,4752.016198207856,4973.964798538609,5086.267738114748,5220.786776739809,5380.102452262636,5578.455418378827,5920.848258370007,4891.8322844321265,3568.0574801525886
2025-08-08 18:15:00+00:00,135,2040,628.5048499618294,816.343192720707,1059.9424560822247,1211.1990054436628,1375.7698036579156,1520.8257591800284,1625.5524890759275,2041.752104903019,2311.9775225951944,2601.2822156970956,2773.091968759038,2947.8415654157075,3111.9456981950684,3408.0384981447555,3553.70895019703,3746.409683441062,3891.114874351417,4002.248051391938,4288.53736655208,3550.813643413832,2296.023559710215
2025-08-08 18:30:00+00:00,136,2055,168.9843111166527,382.0074199570893,490.958352229616,640.2454839531179,718.3458399557296,837.484536658851,927.3425168456804,1155.3820307155465,1395.40301580538,1536.032075273055,1747.2294705153358,1957.2850427690246,2013.9244483890627,2083.9510264501073,2145.9555175745395,2207.822084279959,2333.0311855820887,2452.4761863943245,2609.7720194962376,2325.1946639772286,1278.3001474811813
2025-08-08 18:45:00+00:00,137,2070,4.9590301613708165,137.31962923563336,216.09363527993432,315.8242913397262,370.1221361053057,426.52607774249987,468.10587775946135,643.5579321364511,697.4067046967153,741.7679559222278,802.463912397068,920.0370723256664,983.087386617719,1042.433157355282,1095.7635416985288,1162.8067467845556,1252.7018465076196,1275.4624943864424,1361.875342105967,1260.8369711208188,638.7742801663596
2025-08-08 19:00:00+00:00,138,2085,0.0,35.96645096098457,63.76673498114627,84.10843994089745,113.33926703252365,124.00760671799551,138.94159744640677,163.7190966620332,179.95914679875648,228.7903120292281,246.78398075580256,271.0599534875666,308.26478472328046,326.4967370986695,345.3154856449575,360.1134723769014,404.31786780443264,429.42471483204724,469.50690053538005,424.7961426585847,207.30607605516232
2025-08-08 19:15:00+00:00,139,2100,,,,,,,,,,,,,,,,,,,,54.06089773258022,
2025-08-08 19:30:00+00:00,140,2115,,,,,,,,,,,,,,,,,,,,,
2025-08-08 19:45:00+00:00,141,2130,,,,,,,,,,,,,,,,,,,,,
2025-08-08 20:00:00+00:00,142,2145,,,,,,,,,,,,,,,,,,,,,
2025-08-08 20:15:00+00:00,143,2160,,,,,,,,,,,,,,,,,,,,,
2025-08-08 20:30:00+00:00,144,2175,,,,,,,,,,,,,,,,,,,,,
2025-08-08 20:45:00+00:00,145,2190,,,,,,,,,,,,,,,,,,,,,
2025-08-08 21:00:00+00:00,146,2205,,,,,,,,,,,,,,,,,,,,,
2025-08-08 21:15:00+00:00,147,2220,,,,,,,,,,,,,,,,,,,,,
2025-08-08 21:30:00+00:00,148,2235,,,,,,,,,,,,,,,,,,,,,
2025-08-08 21:45:00+00:00,149,2250,,,,,,,,,,,,,,,,,,,,,
2025-08-08 22:00:00+00:00,150,2265,,,,,,,,,,,,,,,,,,,,,
2025-08-08 22:15:00+00:00,151,2280,,,,,,,,,,,,,,,,,,,,,
2025-08-08 22:30:00+00:00,152,2295,,,,,,,,,,,,,,,,,,,,,
2025-08-08 22:45:00+00:00,153,2310,,,,,,,,,,,,,,,,,,,,,
2025-08-08 23:00:00+00:00,154,2325,,,,,,,,,,,,,,,,,,,,,
2025-08-08 23:15:00+00:00,155,2340,,,,,,,,,,,,,,,,,,,,,
2025-08-08 23:30:00+00:00,156,2355,,,,,,,,,,,,,,,,,,,,,
2025-08-08 23:45:00+00:00,157,2370,,,,,,,,,,,,,,,,,,,,,
2025-08-09 00:00:00+00:00,158,2385,,,,,,,,,,,,,,,,,,,,,
2025-08-09 00:15:00+00:00,159,2400,,,,,,,,,,,,,,,,,,,,,
2025-08-09 00:30:00+00:00,160,2415,,,,,,,,,,,,,,,,,,,,,
2025-08-09 00:45:00+00:00,161,2430,,,,,,,,,,,,,,,,,,,,,
2025-08-09 01:00:00+00:00,162,2445,,,,,,,,,,,,,,,,,,,,,
2025-08-09 01:15:00+00:00,163,2460,,,,,,,,,,,,,,,,,,,,,
2025-08-09 01:30:00+00:00,164,2475,,,,,,,,,,,,,,,,,,,,,
2025-08-09 01:45:00+00:00,165,2490,,,,,,,,,,,,,,,,,,,,,
2025-08-09 02:00:00+00:00,166,2505,,,,,,,,,,,,,,,,,,,,,
2025-08-09 02:15:00+00:00,167,2520,,,,,,,,,,,,,,,,,,,,,
2025-08-09 02:30:00+00:00,168,2535,,,,,,,,,,,,,,,,,,,,,
2025-08-09 02:45:00+00:00,169,2550,,,,,,,,,,,,,,,,,,,,,
2025-08-09 03:00:00+00:00,170,2565,,,,,,,,,,,,,,,,,,,,,
2025-08-09 03:15:00+00:00,171,2580,,,,,,,,,,,,,,,,,,,,,
2025-08-09 03:30:00+00:00,172,2595,,,,,,,,,,,,,,,,,,,,,
2025-08-09 03:45:00+00:00,173,2610,,,,,,,,,,,,,,,,,,,,,
2025-08-09 04:00:00+00:00,174,2625,,,,,,,,,,,,,,,,,,,,,
2025-08-09 04:15:00+00:00,175,2640,,,,,,,,,,,,,,,,,,,,,
2025-08-09 04:30:00+00:00,176,2655,,,,,,,,,,,,,,,,,,,,,
2025-08-09 04:45:00+00:00,177,2670,,,,,,,,,,,,,,,,,,,,,
2025-08-09 05:00:00+00:00,178,2685,,,,,,,,,,,,,,,,,,,,,
2025-08-09 05:15:00+00:00,179,2700,0.0,0.24276624706271357,0.6741331958689348,1.7813739954844277,2.585996800981753,3.143009903482419,3.763546962678214,4.261960692047295,5.164058947379304,5.930188149225943,6.998040592835135,8.458921950171076,9.872490284633805,13.004439175698538,14.454524042797633,16.270978630910655,18.22436733109693,19.822647982850746,21.38908512960589,26.678265438956895,7.600671865175237
2025-08-09 05:30:00+00:00,180,2715,5.6447507779576815,19.576654937134673,33.898281530849296,45.227236376691245,51.21847179199171,57.047730505081425,65.52108369058381,78.65789356486012,90.21012866840456,106.86801964904548,124.47657826379438,146.3239300504873,163.9652940411942,184.60319167289504,197.30321531947038,209.0224098456677,228.78414623134705,239.70026566069305,259.04993916092195,301.22670331598823,117.62685298432189
2025-08-09 05:45:00+00:00,181,2730,78.69270119566436,123.07778937063725,155.92624851324567,193.41312475433463,216.64240899713292,253.45880532598622,278.55236004340037,323.2559235996543,369.5693086484818,447.3100334325294,522.9376505612662,618.2309175625941,695.7787045470931,768.1690936253659,827.0205845185542,909.0933356403237,999.3656597584235,1056.3659910789981,1128.2294423308947,1133.105506014263,472.56688167560577
2025-08-09 06:00:00+00:00,182,2745,207.77446654159712,282.3784932744451,366.33839399590846,403.05245360545047,475.21039650630956,563.0609174310592,646.815858779156,723.6182131993302,849.3727708296092,966.2659445289521,1157.9472311897728,1349.6313321206544,1441.6253088917601,1544.9942043895376,1670.6570576888028,1835.1102342026102,1949.7079104685865,2070.808581332321,2247.37288623989,2167.9838511103035,985.2704371014021
2025-08-09 06:15:00+00:00,183,2760,372.87210453650965,474.574328532817,555.871833360366,622.6800787196792,794.8280216282011,974.8541809992391,1099.264270388563,1354.2775769217142,1583.2986330104982,1907.9417196276283,2140.2631978821078,2286.507250500953,2450.22925578458,2670.175240678126,2904.3738317253824,3024.9293348191295,3270.85930315075,3368.825932410459,3528.5386454980007,3456.2209679114794,1663.0478797582086
2025-08-09 06:30:00+00:00,184,2775,552.2981145340024,920.7793414772688,1104.4555065202528,1446.5875874718934,1761.525392306187,2142.6757789422063,2754.320592657178,2956.7471390017754,3206.5196171974567,3408.210739908263,3510.818909918583,3643.8779792262612,3772.2370397582954,3883.058091943004,3954.8132530073362,4059.690776978209,4203.187342678125,4421.003256852745,4573.029407458414,4817.397147290481,2793.146103176635
2025-08-09 06:45:00+00:00,185,2790,898.7529381883896,1269.6606049337192,1728.186157125648,2180.273943872394,2596.206418204058,2874.390107823114,3693.3475471599627,3854.719334846068,4296.310642769685,4454.581681979817,4582.7640682716865,4790.601442328252,4905.878350347161,5041.164445999334,5118.947467984189,5210.727157985146,5496.423245672459,5773.892890244386,5978.543268895104,6244.628835079599,3666.0620777271115
2025-08-09 07:00:00+00:00,186,2805,1177.3216544989532,2093.0382767726924,3150.5041264526876,3449.770267304446,4810.416820976366,5335.98760199566,5589.757304400335,5783.214424366202,5955.690512084434,6112.7317347189355,6202.9233108529215,6564.613764965378,6674.502257044792,6772.6509626808775,6936.693753990614,7164.673047298406,7323.3640999032095,7468.300291403293,7653.17378575244,7669.779426521274,5338.017490885094
2025-08-09 07:15:00+00:00,187,2820,1963.3917285040834,3346.4547537414014,4010.4675242619005,4461.475727690659,5655.178909659703,6509.302282975507,6929.715444419729,7195.005951377665,7547.027079550351,7694.308377168974,7843.74242686566,7961.990759535982,8085.509435584642,8233.080610051882,8423.889364355698,8659.207759657698,8845.338525986721,9027.40965993783,9314.49978608186,9114.952187451318,6638.104771178643
2025-08-09 07:30:00+00:00,188,2835,2552.8185842864095,3817.4412563946657,4644.503167444208,5287.650209343822,6729.64934663096,7145.448065938304,7963.408280841212,8581.240549282029,8900.28126408087,9071.811791834954,9193.380354874747,9318.841850032095,9441.45214626581,9592.578764618724,9913.814826727763,10222.966308731058,10417.385565087756,10566.147973824136,10749.78252712057,10451.527881288142,7775.312683763475
2025-08-09 07:45:00+00:00,189,2850,3077.3564337691882,4494.944323463327,5632.201107391001,6300.384296003147,7507.246446336471,8027.475198054088,9354.004872619797,9849.039324502903,10118.601598785015,10264.883903644479,10341.090537301128,10429.918099942743,10581.24437172065,10926.315343253229,11228.624942716484,11482.996308533619,11650.302198716083,11774.274474306918,11992.493545196341,11696.541317383142,9190.972648865714
2025-08-09 08:00:00+00:00,190,2865,4091.4318819280666,5250.287923074403,6290.284385119564,7098.647237617203,8384.887734549335,8899.352455981558,10455.291582545698,11024.23159130662,11302.363469563283,11384.81408292285,11468.47911851283,11589.302381568052,11879.753818622883,12120.743963376552,12444.837349332527,12668.497157853517,12815.203222415501,12936.819790174844,13151.57069568714,12849.954202088926,10222.410153648918
2025-08-09 08:15:00+00:00,191,2880,4174.834453785708,5316.340984615878,6627.142325631969,7421.165413818332,8746.33396206975,9961.055771647589,11217.10105231129,11689.323594073534,11851.183494573337,11941.55268963977,12032.586254071792,12272.009458242424,12459.114801138103,12650.788844023873,12945.825991114347,13217.994146568497,13377.434468525591,13498.014472847392,13642.448560858596,13520.341425974497,10724.761434884806
